ISBN10,Author_ID
0195153448,596
0195153448,770
0002005018,751
0060973129,136
0374157065,318
0393045218,245
0393045218,264
0399135782,32
0425176428,767
0671870432,810
0671870432,835
0679425608,201
074322678X,45
0771074670,197
080652121X,941
0887841740,816
1552041778,369
1558746218,374
1558746218,417
1558746218,600
1567407781,449
1567407781,553
1575663937,769
1881320189,480
0440234743,445
0452264464,895
0609804618,654
0609804618,808
0609804618,876
1841721522,154
1841721522,401
1841721522,724
1879384493,370
0061076031,619
0439095026,780
0689821166,101
0689821166,488
0689821166,497
0971880107,745
0345402871,636
0345417623,636
0684823802,130
0375759778,69
0425163091,842
3404921038,41
3404921038,645
3404921038,661
3442353866,192
3442353866,254
3442410665,167
3442446937,513
3442446937,755
0375406328,597
0446310786,332
0449005615,522
0060168013,77
038078243X,425
055321215X,396
067176537X,228
0061099686,58
0553582909,217
0671888587,613
0553582747,217
0425182908,696
042518630X,371
0440223571,569
0812523873,524
0842342702,419
0842342702,888
0440225701,445
0060914068,93
0156047624,773
0245542957,329
0380715899,595
0553280333,387
0553280333,684
0553280333,839
0961769947,176
0964778319,209
0671623249,520
0679810307,858
0679865691,858
2070423204,649
0345260317,135
0394743741,18
042511774X,59
0804106304,32
1853262404,466
0312970242,220
0312970242,605
1853260053,880
1414035004,162
1414035004,820
0060938412,906
0140067477,88
0345465083,522
0451625889,671
0451625889,672
1558531025,327
0441783589,765
0394895894,723
0375410538,643
0966986105,799
087113375X,690
0340767936,653
0743403843,837
0060930365,804
0060177586,189
0071416331,232
0071416331,233
0375509038,205
0553062042,558
0316769487,372
0679429220,435
0671867156,613
0312252617,415
0312261594,398
0316748641,646
0316973742,826
0385235941,929
0446677450,776
0446677450,813
0451166892,503
0553347594,441
0671621009,768
067976397X,557
0684822733,29
0684822733,692
0786868716,659
0671864769,638
0671864769,784
0671521519,319
0440222303,368
0440222303,666
0312953453,212
0446608653,796
0446612545,393
0446612545,718
0446612618,796
0451208080,851
0553584383,357
0671027360,188
0812575954,431
0316735736,44
0743439740,49
0345372700,539
0380619458,710
0446325805,539
0451406923,160
0451406923,456
0451406923,890
0671042858,843
0743249992,87
0840734530,102
0425184226,891
0375500766,190
9724119378,945
0451205197,78
0060929790,306
0060929790,307
0060976845,738
0061099325,896
0671004573,613
0446601640,771
0330484516,732
038572179X,355
0393020371,639
1900850303,760
1903019699,682
0345425294,554
0451410319,54
0553583468,502
0380778556,195
0451525221,534
0451525221,665
0002740230,675
0385336772,525
0440949424,548
0505524996,855
0140252800,81
0451452755,824
0812575482,399
044651747X,771
0060801263,97
0061030147,12
0061030147,185
0140250964,850
0446527165,199
0671461494,241
0385337639,615
039575514X,927
0451206673,685
0330332775,339
0486284735,242
0486284735,396
0671021745,300
0671047612,300
0671504282,300
0399138684,540
0785263292,350
0785263292,651
0830714014,328
0345354931,726
0553278223,734
3150000335,303
3150000335,919
3257203659,720
3257203659,734
3257207522,331
3257207522,735
3257208626,734
3257208634,734
3257208634,882
3257208669,680
3257208669,734
3257210450,21
3257210450,734
3257212054,734
3257212429,734
3257214154,17
3257214154,363
3257214154,734
3257216416,734
3257233051,573
3257233051,715
342311360X,306
342311360X,307
3423116714,287
3423241489,65
3426605686,510
3426605686,582
3453212150,853
3462021095,742
3492045642,336
3492045642,342
3492045642,641
3498020862,96
3498020862,464
3499110695,61
3499110695,255
3499110695,337
3499110695,365
3499151502,61
3499151502,337
3499151502,365
3518111000,331
3518111000,388
3548254268,427
3570300099,64
3570300099,853
3596292646,657
0060977493,71
0312872682,774
0316602906,393
0316693006,393
0345311396,755
0345378490,636
0345404793,755
0345433173,555
0375400117,68
0375705856,507
0380717018,697
0380718332,698
0380754509,142
0380754509,893
038076654X,498
0380807866,498
0385316895,85
0385497466,445
0385508042,445
0385509456,594
0385511612,445
0385730586,46
0425164403,282
0440234964,257
0446605484,393
0446610399,673
0449006522,460
0449911004,555
0451162072,843
0451186648,848
0452282152,899
051513290X,475
0553580388,644
0590598848,293
0590629719,681
0671023616,696
0671027387,188
0684848783,296
0743486226,188
0786863986,570
0803251718,583
0804117934,56
140003180X,19
155874262X,73
155874262X,374
155874262X,600
0060987103,323
0151008116,937
0375704965,789
0525947647,13
0804111359,237
1558744150,374
1558744150,417
1558744150,600
0435272683,454
0316782505,44
006102063X,875
0060013117,875
0060199563,875
006052779X,244
006052779X,312
0060563079,367
0060809027,616
0061040967,705
0061040967,875
0061050474,875
0061052515,875
0061052523,875
0064472264,561
0140620664,396
0312148267,505
0312156960,89
0312890044,157
034543191X,551
034543191X,669
0373836023,315
0375751513,413
0375751513,688
0375801677,36
0375801677,869
0375814248,729
0375814248,762
0375823352,723
037582345X,723
0375823468,723
0380730448,853
0380973839,734
0385327773,235
0394586239,7
0439510112,866
0440241413,832
0451409256,360
0451523415,560
0451526279,396
0451526279,578
0451526341,314
0486415864,158
0553280589,359
0571197639,77
0670035262,165
0670035262,267
0670035262,668
0670035262,873
0679423079,158
0679751343,7
0684833395,469
0743245024,444
0749748001,277
0749748028,277
0963094424,669
1401201172,15
1401201172,86
1401201172,508
1563892278,571
1563892278,652
1563892278,669
1563892278,793
1563898586,15
156971620X,437
156971620X,669
1592571301,902
0374270325,894
0375719180,117
0440235502,351
044023722X,445
1573225487,716
1853260673,880
0060977477,811
0345391691,489
0520011171,243
0520011171,609
0553278746,200
0670856045,861
0670856045,862
0872200760,20
0872200760,711
0872200760,727
0937858994,191
0937858994,378
0937858994,565
0671649949,844
0590431110,361
0064470113,691
0553571486,564
0972044205,120
0312963009,440
0345430476,606
0345435869,203
0345435869,531
0380728729,709
038081840X,206
038081840X,500
0449912302,196
055329198X,458
0671018930,877
0812541642,295
0312988699,614
0486282112,242
0486282112,617
0670815373,777
0385313748,766
1575843366,761
0684193957,696
0345371984,241
0345371984,591
0380730138,5
1573228737,805
9681500555,53
0380711109,83
0452283914,322
0425120279,891
067153484X,33
0380728273,670
0446606197,580
0771076002,250
0771076002,817
0771088191,662
1559703237,446
3596214629,348
3596214629,931
0062770500,940
0671847546,942
0060188731,48
0140374248,515
0140374248,762
0142001740,785
0142001740,852
0195086295,109
0195086295,111
0195086295,846
0312995423,188
0380704587,182
0380815923,428
0385416342,445
0385418493,878
038542471X,445
0425098109,637
0449005410,402
0449202631,227
0449207544,227
0515128554,679
0517577402,241
0590450875,140
0590450875,408
0590450875,920
0590481371,408
0590481371,920
067103619X,74
0684177730,689
0684180200,70
0743411269,74
0743470389,175
076218857X,743
0767905938,426
0800706544,907
0801096677,922
0849953014,623
0891091963,518
0915811537,84
0927545373,110
1575024179,301
1880185008,667
0140345809,935
0156528207,63
0380012863,747
0451154916,509
0785815147,650
0875421288,807
1567184294,198
156718796X,759
1862047626,90
0020437501,694
0198320264,782
0198320264,934
0373196989,628
0373245580,169
0451527747,538
0451527747,604
0671867113,613
0812504208,599
0060173289,738
0060973897,611
0060973897,753
006101351X,811
0140104682,543
0312143370,290
0316666343,26
039456894X,833
0440224675,881
0449002632,251
0449213773,577
0452279690,238
0553569058,577
0679427430,624
0679725393,249
0802114369,610
0803233019,443
0803233019,910
0819154946,781
0897322339,463
0940322978,392
0940322978,923
1573225126,265
1579651658,100
1878424319,230
0600586898,706
1853260622,535
1857938011,827
0060804157,763
0140382658,574
0152012966,840
0312283784,797
0345297709,726
0345313097,726
0345335465,55
0345416848,207
0385333404,526
044021145X,445
0449212084,581
0553582682,590
0590947257,712
0590947257,898
074345829X,124
074345829X,746
0786913878,150
0801491827,266
0816729913,132
0843136685,484
0843136685,728
0843136685,792
0866119531,1
0866119531,2
0866119531,51
0866119566,158
0866119566,585
0870441663,236
0870441663,389
1561561428,187
1561561428,285
1561561428,618
0553210092,665
0553258524,55
0688163726,777
1569471096,905
055358099X,562
0316168815,26
014023828X,862
0316314927,268
0345424719,446
0375414746,887
0375726403,758
0385503857,577
0425156842,472
0440226104,50
0452277337,224
0553802488,217
0671021001,914
0767903579,10
0805063897,75
0679777431,239
0553285343,451
0486285529,830
0671002481,685
0812523385,273
0895774666,334
0020199090,468
0385495145,467
0679733825,556
0842329129,419
0842329129,888
0345451260,8
0740700235,471
0380973545,420
0380973545,870
0393321576,294
0743424425,843
0786868015,269
0786868015,473
0786868015,849
0446610178,825
0684854953,174
0684854953,693
0743229878,613
0380617625,772
0380732335,885
0385337132,429
0440235057,270
0445402040,270
0618119760,566
0871138646,450
0026329859,253
0060621257,883
0060915544,77
0060917016,77
0060925000,909
0060932759,359
0061000280,896
0192815318,259
0192815318,262
0312195516,43
0380792664,527
0393048977,316
0399137807,540
039914739X,696
0451203046,569
0451410556,602
0451523318,345
0486281965,803
0486292940,930
051762639X,744
0684824442,249
0743458303,333
081296666X,656
0819215635,470
0819215635,730
0819215635,859
0880011025,186
1561011525,579
1877727083,612
1877727083,778
0486206173,82
0486206173,330
0312278586,276
0312278586,677
0140370900,704
0674511255,593
0030096189,298
0030096189,841
0312965745,519
0345374657,215
0395710901,23
080521061X,713
0823032612,210
0679310002,105
0312288115,9
0316171107,414
0380710218,699
0515118656,151
0553289063,229
0671000306,180
0671673688,613
1561672033,457
0425178242,134
0425178242,226
0618173870,465
0156027321,937
0375403582,292
0385721420,479
0451202341,867
0743418190,418
0385335407,194
0965746828,536
0060923245,788
0486272664,794
0786015276,115
0786015276,116
0060913509,112
0553272837,679
0440225078,492
0312145543,275
0425181111,217
0380732688,288
0140286276,383
0373484100,679
0449907481,402
0553107305,225
080213825X,131
0515127833,679
0345441133,514
0515134279,640
0945586051,30
0385490992,445
0385424728,445
0312980388,925
0590419625,406
0590419625,655
0385472951,445
0451195663,648
0425182878,439
0425182878,459
0553564528,863
055356451X,863
0743412621,613
0849943728,868
0849943450,42
084994371X,868
0590406019,129
0020442408,128
0553225987,926
042517736X,779
0671868713,49
038549825X,246
0553202294,542
0345313860,57
0345369947,57
067170124X,477
0345353625,587
0308102282,924
006017143X,66
0805056491,483
0679401377,721
1562827049,391
1562827049,823
0385306032,194
0816152446,80
0821772953,546
0345379454,815
0553576925,502
0743206053,613
0688169678,181
0439319552,598
0439319552,812
0590870157,164
0590870157,421
0307001164,103
0307001164,485
0307001164,783
0307001164,915
0440441501,702
0590687301,98
0439061644,487
0439569842,403
0439569842,598
0307118703,320
0590418858,608
030720152X,184
0816728739,326
0816728739,424
0816728739,737
0865050880,113
0812519655,630
0812524853,630
0449211770,240
193072229X,943
0812521129,630
0345251733,173
1400077826,159
0312995431,481
0312312628,481
0446394521,286
0590021117,523
068484267X,122
068484267X,296
068484267X,442
0553578693,545
0380709260,98
0380709260,900
0807565288,317
0312986769,481
0345413377,723
0345413369,723
0679893105,723
0061096091,567
0345369068,815
0451184718,815
0449209121,240
0060938455,279
080411952X,857
0060575808,311
0060558865,311
0767912918,291
0553298860,854
0385335679,213
0440122090,569
0671525832,476
0553279572,734
0061009059,405
0060930187,860
0516076272,356
0679450432,755
0821775863,289
0821770209,289
0670855758,94
0553562819,126
0446364193,393
0446519138,802
0425179672,24
0061042943,547
0399144463,504
0399144463,834
0965404560,355
006015781X,204
006015781X,494
0060930705,748
0312206763,501
0316116025,385
0156013967,108
0385314019,801
0743444167,166
0618231617,258
1567920047,836
0811203220,346
1573229148,216
0787955671,324
0787955671,879
0787955671,921
0425174484,601
0385496907,222
0446523992,39
0446523992,179
0446523992,512
0140185216,47
0140185216,377
0684717255,603
0684717255,917
0486272745,663
0486272745,671
0486272745,672
0062507249,707
0684801221,284
1576737357,629
0060083298,27
0446672211,104
0140293248,627
0807070718,335
0807070718,741
0743213831,660
0345305477,871
0061080519,856
0142000205,325
0316735027,256
193156146X,72
015600710X,44
0062517856,886
0679767789,597
0449911683,155
0425169626,809
0449207757,155
0449245691,155
0140029400,904
0140021566,904
2253004022,60
2253004022,407
2253005274,14
2253005274,193
225300670X,31
225300670X,281
225300670X,686
2266084372,786
2070362388,740
2266029460,22
2266029460,22
2253007102,156
2253007102,586
2253007102,938
2070417743,344
2070417743,384
2070417743,734
2266033689,944
2070384349,271
2070384349,343
207053880X,407
207053880X,928
2070334368,559
2290314951,939
229000510X,764
3492207006,838
3499177757,168
3499177757,248
3889774016,171
3502670005,436
0905762487,172
3499222604,171
3746670055,717
0140620427,396
3596144434,347
3442724686,41
3442724686,71
0385504209,188
0446525502,673
0385500769,397
0399147012,376
0670892963,339
0688180639,5
0316789089,44
0451197275,622
0425184129,196
0151001006,208
0385505833,445
0679442790,92
0679442790,139
0525943862,278
0609605925,514
0060191929,700
0743206045,613
0684864843,74
0684867818,756
0743406176,575
0380978539,516
0679603352,446
0679410430,911
0446523569,673
0671042556,416
0679450440,755
0140107649,432
0609606727,411
0446527793,673
0446531332,673
1570717257,897
0060192631,400
0385420161,137
0385420161,152
0385420161,521
0345339711,373
052594463X,908
039304016X,811
0399147128,679
0670031046,395
0394574745,183
0316969443,393
0743230051,141
0743230051,613
0316693200,37
0316693200,393
0684868911,756
0842336214,901
0399148582,448
0399148582,453
0684864320,74
0525944834,278
0345428900,791
0451176812,544
0671525794,710
0718144538,227
0446602086,404
0394551427,178
0394551427,829
0064407667,119
0064407667,532
0007100221,620
2253148539,114
2253148539,678
2253043974,177
2253043974,306
2253043974,307
2020315491,563
0747549923,353
0743462335,380
0140253580,211
0947782141,541
057120354X,722
0349101779,354
0743222229,380
185479549X,202
0140292918,461
1854795554,642
1858813093,750
2871290911,410
2871290911,936
0198604025,731
1842151053,304
2253063339,91
1860198597,40
0767908473,28
0767908473,260
1842040154,161
0140622063,321
0571209521,722
2264009306,114
1841952931,16
0890877564,341
0890877564,490
1405200677,3
0416196772,4
0747538069,280
0375501347,263
0060927240,788
0316776963,214
156341029X,537
0060934719,669
1886383421,170
1888451084,529
0451450256,310
1555835953,528
0395877563,138
0962893862,409
1555834531,274
0393318435,219
0889740828,493
1563410443,238
1563899388,423
1563411148,430
0553579681,572
0553579673,572
0451181379,217
0786889160,412
0345370740,874
0553574175,6
0553574167,6
0553574159,6
0312287240,568
0679801146,864
0446300101,148
0821750410,800
0425142485,217
0451456548,626
0060006048,362
0312906552,127
0312906552,302
0440117291,912
0425049981,462
0374386676,664
0786886463,175
0345395379,676
0380788497,399
0307215342,482
0374343381,664
0345403339,530
0440226694,382
0440219604,382
0767903285,695
0345429176,749
038529929X,881
1573229571,674
0345418778,241
0517201658,182
0743211383,843
039914370X,766
1884777805,38
0312977905,584
0812521331,499
0812521331,913
0451205421,217
0894342789,708
0440218535,719
0449207595,283
0670844594,455
039457513X,247
0394559487,828
0804001944,299
0590897985,491
0689832877,506
0689832877,790
0689829698,144
0689829698,754
0439042917,486
0064409457,129
0064409457,714
0064405052,129
0064405052,714
043922165X,819
0152162445,223
0152162577,223
015216250X,223
1562477528,147
0439221676,733
0439221684,733
0439221684,818
0439221714,733
0439221706,733
0439221730,733
0440415993,533
0895872102,379
068983585X,35
068983585X,121
0345391802,241
0440219078,550
185424597X,123
185424597X,703
2080105434,496
349913358X,658
3257201761,701
3404121686,308
3404121686,503
3404121686,552
3404118960,309
3404118960,364
3404118960,503
3404118960,884
0345356578,845
0345346971,845
0753804700,92
0451155750,843
0786890436,269
0786890436,473
0786890436,843
0415928087,795
0415928087,889
0521427150,438
0812923278,775
0884111342,118
0345428544,631
0671694049,241
080901582X,517
0449006557,56
0373250339,143
0380820447,145
0385497679,381
0385497679,621
0385497679,736
0451454243,588
0941423042,34
0373871562,149
0553101439,558
0898151910,375
0835949362,62
0880701102,163
039914563X,891
0312853238,687
0688048730,366
0688048730,903
0425161722,847
0425161722,891
0385493800,445
0849916399,918
1928791107,125
1928791107,607
067175145X,787
0440211727,445
0877192820,52
0380002450,495
0793133955,511
0793133955,511
0394178017,234
0425134350,891
0385479689,633
0385479689,933
0380754851,133
0380538504,757
044661162X,635
0671742566,476
0515122408,540
0440222818,452
0451204050,447
038533334X,25
0449131548,349
0440120470,352
0451188209,231
0451188209,422
0440130913,85
0449001954,581
0345404777,755
0451185277,252
0440224829,194
0671779338,67
0515134368,151
0380759497,725
0380759497,726
3442098424,57
3442098424,647
0394578791,916
1558505377,892
0373245696,549
0743201078,814
068983571X,831
0553256785,11
0892967994,592
0061064505,95
0061064505,821
1551668785,340
0836230868,221
0381999866,358
0380817144,261
0380752115,822
0553212583,272
0446364762,825
0425166619,779
061312975X,297
0765341972,433
0590514776,394
0373037430,739
0064472779,625
0553581279,865
0373750013,153
0393030342,752
0553561618,863
0312422156,413
0425139069,99
0450029956,305
0450029956,806
0130139165,386
0373196741,872
0451524489,76
0451524489,495
0140065172,474
044022165X,445
0373123485,798
0373123108,338
0590225170,106
0590225170,107
0399143165,779
044132231X,313
0425124347,218
0786889705,390
0312282990,634
0425137945,79
042512892X,79
0425113892,79
0394820371,478
0394820371,683
0449134482,632
014036336X,434
0375821813,134
0812516826,146
0345348036,932
0679420118,576
0871137380,589
0553568760,644
034538184X,755
0140620125,272
0140620109,396
0671745530,241
0553211412,272
0060914653,657
0345347536,726
0060529709,465
0140274154,377
0553586122,357
0553584510,545
0345341201,289
0440175623,85
0440216842,85
0156001942,595
0345418018,446
0684801469,284
9997522052,271
0872203492,727
0312420145,464
0553273604,359
0553273914,359
0060928336,738
0671003755,914
038001503X,306
038001503X,307
0316777730,214
0140042393,461
3499134446,66
0446601241,393
0451124340,843
0345384466,57
0446604801,393
0345422392,57
0812539389,865
0425124819,79
0345409469,135
0451523369,618
006019491X,359
0066211611,359
3423620005,472
034537522X,373
0345375211,373
0140042520,377
0380789035,669
0060964049,66
0345298985,845
0345316991,845
034531042X,845
0345310306,845
0345310292,845
034531011X,845
0451130448,376
0440206154,881
0345370775,636
0743457943,289
0373484224,679
0380789019,669
0380018179,182
0679457313,71
0312169787,43
0151000638,32
0679723420,911
0140620338,688
0460878263,794
3257061269,715
3453177622,673
0553576976,558
0349103232,354
0571197779,657
0571200389,909
000649840X,296
0140431268,880
0099771519,68
067102535X,49
0380813815,174
2070372294,649
0385314744,13
0449221164,227
0140390693,560
0425071421,765
0345297687,55
0766607119,560
0345368940,55
0345331605,55
0553296981,53
0345285549,874
0345290240,874
0345301870,726
0451169530,843
067168390X,520
0385335881,832
0385335482,832
0553258001,446
0373871279,149
0805063889,75
0553582658,562
0373218400,679
0060192895,896
0441003257,669
0441003257,875
0451202503,815
0446606812,673
0399149759,670
0399146008,779
0060930535,77
0708881297,55
0142000663,461
0590542443,723
0590112899,723
0590660543,723
0345361792,446
0861638522,277
006092988X,97
0375413081,597
1400034779,19
0385293542,85
0671311891,124
0345387007,874
1558744606,374
1558744606,417
1558744606,600
080410753X,32
0451526503,599
0345325818,373
0385508417,445
0385510438,445
0380723638,670
9505470010,734
0425185710,180
0425178773,376
0671527215,241
014025448X,395
0060934417,48
0671793489,613
0174434642,934
0312983824,415
0449149676,514
0449006344,514
0553568183,562
0451523067,396
0743418174,418
0451526295,396
0451526295,578
0440214424,270
0451187903,396
0451187903,578
0385491050,577
0671036505,74
0394758285,735
0671004565,613
0156006529,44
0446673544,131
0140256369,306
0140256369,307
0316789844,44
0385490445,577
0380725398,195
0375700757,159
0070212570,286
0061098361,700
0821758950,398
0679729917,762
0451411013,602
0425189414,376
0316781266,44
0486280616,599
0671032658,843
0380814021,625
0373711123,739
0061098795,896
0380012774,688
225313922X,91
0452284481,224
0440217520,801
0345339703,373
0345339703,373
0375707425,139
3453151933,605
3453151933,891
0812565959,687
0743444051,622
0425157539,459
0553585681,502
0553585118,502
0743212002,141
0743212002,613
0373152655,739
037348397X,679
3404100263,503
2070360075,284
2070364283,461
2253152277,715
2253170453,779
2266000489,740
082176828X,289
0316693324,393
0064472930,362
0590629824,487
0743412273,843
0140089586,455
1559277785,405
0345367898,57
0345396529,874
0684835983,613
0062502174,715
0375707972,92
0375707972,139
0618126988,373
0060192305,924
031219126X,617
0020518609,284
0345446860,59
0446310492,332
037348285X,679
0515090506,540
0399145087,696
0805420460,129
0312990456,405
0316969680,393
0316969680,718
0440418569,723
0399501487,931
3423125551,472
0060514949,547
0375411992,57
3442730066,41
3596129389,347
0425177173,180
0440224764,445
037542217X,19
0345440773,203
0345440773,531
0440208912,85
0373218192,679
0515120006,679
0515127396,540
0385512104,594
0525237704,446
0440236673,445
0449208397,283
1590171012,723
0752999958,636
0425158616,696
0062502182,715
0060175400,77
0517149257,241
0425161242,779
0451200993,11
0425169863,696
0425169863,699
0345380371,636
0446609323,393
0316690619,393
0446610038,393
0449222276,56
0802130496,377
1558747478,600
0812517032,146
0670848549,237
0061000175,896
0312971362,398
0061097659,685
006017935X,58
067976402X,208
0743457358,843
0743456866,141
0743456866,613
0765342294,687
0345434692,55
0553131893,55
0425167313,24
0316314641,268
034540288X,636
0786808772,634
0553234609,55
0553258540,55
0440237688,550
0446519960,199
0374281602,810
0446611611,635
0446604658,134
0553282476,577
0449212602,577
0684867621,843
0553582143,357
0743202961,49
0786866462,175
0679426159,286
067169071X,49
0515090174,540
0515095826,540
0515111279,540
0385475713,577
0425115801,217
0345454073,460
0671024248,843
0553582933,217
0451151259,843
0446607711,199
0345416880,687
0312874006,157
1593080743,249
0380771292,267
0380771292,873
0312314256,267
0312314256,873
0879517980,865
055326396X,83
0812505166,272
0446525804,199
0749318368,74
0515122491,151
0812530314,79
0515131091,371
0140265686,395
0140257934,395
0140254544,395
0451524934,314
1569470901,853
0671027123,613
0449225151,503
0765342405,687
0345350499,588
0312976275,405
0373242328,679
0517077744,796
0373240228,679
0446529788,796
044652767X,796
0743246918,613
0316089699,44
0671671138,180
0803263724,927
0812504364,599
2277238929,669
2277238929,875
2253001279,53
0553255142,558
9500703203,306
9500703203,307
0060936363,359
038082101X,359
0849943663,42
3453099613,679
1574534106,687
1558747028,374
1558747028,600
0812970101,11
0061012289,80
0061092088,80
0425162788,891
0451208811,851
0345342968,734
0812550706,687
0345443683,57
0345378482,636
0671758896,613
0451177096,843
0345422384,57
0525463313,4
0671722727,934
0099244926,445
0413588106,853
0812515609,499
0812515609,913
0425122123,891
080410882X,59
0385484518,659
0060922532,77
0316779490,214
038531809X,13
0753811464,472
020530902X,244
0486401464,688
0811201090,346
0140620281,466
0553211978,396
0440224659,257
0413537900,853
0425133540,891
0425173755,11
0451199871,11
0373196962,872
0671822209,446
0064409430,129
0380752107,822
0425194493,670
0671722816,934
1563521024,412
0345384350,217
0060175532,685
0679748083,32
0425175405,696
0345298365,146
0385304366,875
0385299842,875
0316602051,37
0316602051,393
0688156126,288
0451197879,843
0446604666,134
0340792655,653
0061015725,636
0553579754,217
0451163494,503
0316154067,635
0312958455,635
0345353145,636
0446516538,771
0440214041,445
0679446486,636
0380717972,707
0553476580,715
0385315287,747
0440108268,747
0440204321,747
044020562X,747
0140298479,339
067084487X,515
0062513346,715
0525462325,4
0688149790,709
0345337662,57
0345351525,57
0385265700,397
1573229326,674
0385424736,445
0440224772,194
0375433465,445
0380752123,822
067170463X,11
067170091X,11
0671705997,11
0671704664,11
0140390839,599
0373123523,338
0739307312,188
0446605239,673
0553295977,679
0553291025,475
0812549295,873
0440162041,447
0312875495,865
0786889047,390
0380898179,498
0345314247,726
0060955775,715
0451451686,875
0671004549,613
055356160X,863
0345317580,874
0345335287,874
0345362276,874
0812505042,326
0486270718,326
0590629808,487
0515134384,540
051512463X,540
0345375580,874
067166865X,6
0590629786,487
0590629794,487
0515120618,679
0971766711,771
0821772252,404
0451208293,546
0440224055,194
0425102319,315
0399143335,540
0515118249,540
0385335830,525
0515130389,679
080411935X,286
0142004235,461
0515135062,679
3442429439,237
0425169693,24
0452269571,238
051513287X,679
0618002219,373
0553576399,126
0441374239,126
0553576429,126
0441003702,126
055329461X,126
055357549X,126
0060392452,641
0451455789,55
0312263120,188
0446532231,641
0394757653,735
0449904628,196
0312291639,276
0312291639,677
014043187X,688
0425101452,217
0684874350,296
0446611212,393
0452264790,895
0425155943,779
3257229534,92
0440241537,445
034538475X,57
0671002406,638
055327418X,200
0345419995,196
0671822845,302
0425098648,217
0425181103,217
0380718340,698
0451153553,843
0375706062,597
0425147622,696
0812589831,499
0812589831,913
0553582763,217
0425188809,217
0425092178,217
0345384369,217
034539657X,217
0020519109,284
0425144429,217
0486290492,396
156619301X,118
0399144137,891
0330352253,227
0609600567,789
0399146431,32
0312876513,687
0399141146,32
0452260116,895
0812533550,687
0020442602,129
0380818191,875
0399138749,217
0689823517,756
0440403278,550
0803722907,757
0060987561,914
0312265867,405
344244392X,339
0525945172,440
0061099694,58
0446603309,796
0345302745,789
034524575X,469
0380726262,288
0671896768,638
0064410129,119
0064410129,532
0345348176,789
0451453026,574
0451459954,631
0684803143,34
0451459245,588
0446610100,199
0440216745,85
3453151720,635
0312966970,405
0345334310,55
0812533666,726
0394577736,402
051512317X,679
0515114693,679
0553212761,396
0345367421,446
0486280489,242
0486280489,665
0684148579,765
0804110379,56
0449003183,56
044920474X,56
0449244970,56
0449210952,56
0312971346,405
0399147101,766
0312850581,687
0930031067,407
0060958022,428
0385474016,521
052594527X,899
3257204833,701
3596122279,347
0553582135,357
0451410777,54
0399147772,851
0439101336,158
0439101336,491
0399147284,459
0684832380,613
039914210X,540
0451150635,843
0385720106,397
1904095399,294
0684823780,129
0440225698,194
0440221471,445
0877958920,544
0886773784,630
0425143325,891
0425180964,891
0140620869,538
0743411250,74
0590129988,723
0375700684,134
0375700692,134
0345396537,874
3453159926,843
3499137909,719
0441009700,56
0451521285,934
0060502258,738
0064407721,274
0451521358,934
0451455126,212
0671025570,520
0553274864,130
0061020710,875
0440204887,747
0345339681,373
0385199570,843
3453169247,445
0451528018,56
0451528018,831
0842321942,419
0842321942,888
0842321934,419
0842321934,888
0590997262,487
0590997297,487
0590762613,487
0590213040,487
0141304707,762
3453025423,881
0312863403,726
1558744630,374
1558744630,600
0394588169,636
0316143464,214
0385336322,194
1558746161,374
1558746161,600
0553214225,249
0671721291,55
0671721291,630
0399142282,696
0671004107,135
0425098680,59
0670873683,757
0425168700,24
0375704906,789
0020519001,284
0688127169,747
0812551532,913
1400076218,895
0515102652,540
1400032717,594
0374100128,464
0452283868,895
0061097314,77
0140119906,306
0140119906,307
0060504080,77
0684857820,26
0140051317,762
2883531714,230
0812551583,157
0450411435,843
0375704973,789
034543059X,229
0140018328,762
0553579606,863
0061013439,851
0306811596,489
0670855030,843
0517064626,613
0684810387,613
0440183057,613
0671769200,49
0553212141,466
0743200985,296
0425118703,217
0486415910,242
0486415910,599
0380792737,174
0060516283,89
0553109839,644
0395264758,710
0375401598,57
0684802988,180
0061000043,896
0312055145,934
0380699176,605
0151006725,274
0553258559,55
0671468464,934
002026478X,249
034541103X,916
038000772X,881
044661193X,134
0446359866,810
0446602612,635
0446612790,37
0446612790,393
0671676253,687
0446606383,393
0440128994,766
0446365505,810
0671531409,934
0451203895,131
0445406488,261
0312865031,588
0425104052,831
0425181464,371
0449212858,56
0671888021,753
067150987X,595
0425037827,765
0553142046,55
0671721380,630
0399136487,55
0684853515,843
0375504397,721
0375504397,843
0452283205,899
0316779237,214
0385421982,445
0892962275,701
0679402470,710
0875421180,807
0460872125,396
0451139739,843
0553236202,734
038072975X,5
0671720414,55
0345275675,55
0440213525,445
0451188462,843
034525855X,726
0441135560,55
0440111811,194
0064400557,244
0064400557,312
3453061187,445
345305136X,881
3548248845,261
0345313577,765
0671867172,613
0446613436,673
0449006530,460
006109157X,851
0440221315,194
0553576011,796
0345444892,581
0446527785,673
0375500685,581
156389470X,669
0064407055,311
031286258X,403
0316096199,26
059045899X,712
059045899X,898
088101270X,367
0060532149,145
042515517X,376
0842343253,419
0842343253,888
0446521442,802
0440224845,194
0373079613,679
0440200989,613
0671568175,613
0446607193,796
0373484003,679
0451198506,151
0440223237,194
1558747109,374
1558747109,600
0786884142,570
0671793551,49
0743411439,390
0425178951,670
0684865742,296
0385313632,801
0380772469,498
0380899361,498
0425116840,891
0380817152,261
0425191184,891
067988288X,864
0141301074,762
0452278902,843
074343627X,843
039914465X,696
1558747699,374
1558747699,600
067102423X,843
0345334531,57
0399143947,843
0393960579,495
1551113074,466
0486264785,688
0553550039,359
0061091871,89
0399145869,670
0446521582,104
0151002630,48
0316666009,393
0345391810,241
0140620524,599
0449209598,581
0192815466,396
0140431357,880
0446611867,673
0385336179,832
0440900794,550
0373483880,679
0061042005,74
0425046117,249
0553582755,217
0486282694,242
0439099404,599
0671759213,914
044651652X,771
0312050631,290
0452254264,314
0446364282,796
0380720132,893
0842329277,419
0842329277,888
0842343296,419
0842343296,888
0842343288,419
0842343288,888
059030271X,244
059030271X,312
0345339738,373
0842343261,419
0842343261,888
084234327X,419
084234327X,888
0590451146,361
0446679593,393
0679441557,59
0886774268,630
0886773520,630
0886774012,630
0609808346,876
1573225517,674
039396647X,535
0380973650,669
0440208459,801
0449208672,56
0380725835,670
0060199652,77
0801855926,649
0451147367,843
0375501371,446
0316155101,779
0060987529,323
0446523321,199
068487217X,296
0684853159,354
0440214432,270
0380804557,669
0099245027,445
0425161617,59
0373710348,739
0373079710,800
0861782356,560
0553560247,225
0345416600,196
1593080255,688
1400041988,911
9500720418,359
9509009059,365
0064408639,119
0064408639,532
0553295772,644
0345330129,765
0812575717,687
0449219410,134
0679454446,134
051512608X,679
0451124383,503
0312978332,398
0451408888,360
0060008776,270
0553574671,225
0385334729,85
067088300X,627
0670878103,395
0446608890,199
0425188787,670
0345382323,815
0312983298,405
0440201330,602
0006513409,360
0312980345,501
0380017601,282
0140346848,515
0613286626,515
042515601X,847
042515601X,891
0435120964,332
0140293442,674
0140293469,674
0156011042,208
0060391448,323
0451099648,843
0553149660,365
0425152251,472
0312924585,881
0060504072,77
0345460952,241
0345409671,57
0886771544,588
0395272238,373
081120958X,930
0553802240,562
0515132020,679
0515131229,679
0385494149,355
0312199368,887
1570089957,687
0571135390,657
0684872153,122
0684872153,296
0312421273,464
0679454454,134
0743480562,622
0373285043,679
0399147020,670
0785917136,740
342310001X,337
0061092029,283
3492045170,342
3492045170,641
1573226882,674
1573228214,674
0316780812,44
0064407675,532
0380977788,669
0553571818,357
0441790348,765
0965881199,599
1573928275,599
0345391055,636
0312979479,11
0671681036,520
0446532444,673
0743483014,569
0679411267,602
0375412557,689
0374129983,464
0394561619,306
0394561619,307
0060920076,788
1931561648,72
0060517794,738
0345413350,723
0380701340,182
0679450041,634
0413624501,853
0451146425,503
0345300203,755
0345379330,241
0590371258,491
0670813028,843
0316601950,44
0399151516,851
0451210220,452
0445406518,261
0441317480,726
076534128X,687
0441662382,726
0345313151,726
0345314255,874
0345305183,726
0451132343,843
0345279255,726
0451131312,843
0345272846,726
0061031429,547
0060977337,641
0446693790,641
006098726X,641
0451522303,314
3404136012,218
3453131169,218
3453092007,218
0553582925,217
0525941673,238
0671722948,934
0140051627,455
345386980X,445
1573227331,674
0451526767,934
080411918X,59
1551668653,415
0440237300,80
0399133186,779
0066214122,636
3499102277,346
0385721404,489
034545071X,514
0375502238,50
0345285557,874
0451183665,636
0399150897,696
0553247379,743
0399148728,180
0312869061,726
0399146687,766
0316693286,393
0670861944,515
0373484887,679
0099521016,435
0552998001,428
3499114178,377
3442350484,254
0671004530,613
3442435366,41
3442435366,696
3442441382,696
3499134411,66
3462025864,674
0440226414,85
0060959037,77
0688156134,288
014028009X,339
0425187063,766
2264032200,66
2253171395,613
2070408507,63
034547063X,721
034547063X,843
0446364290,796
0446600342,796
0445205512,796
1551666014,796
0446356859,796
0446603082,796
0446360511,796
0446364312,796
0446364150,796
0446356875,796
0446360708,796
0803251734,583
0871135809,690
0449219143,56
3499156938,762
034540761X,755
0515093556,57
2253003964,11
0061095540,685
0140049975,461
014062080X,665
0425174808,847
0425174808,891
0061002860,11
0451202856,452
0767902912,909
1860463312,719
0142000671,461
0505524139,855
0345463404,857
0373218222,865
0553800914,357
0553250256,372
0451520793,249
0440241812,832
0451528697,158
0140433988,158
006093090X,66
055321148X,118
0140270590,395
0679445625,560
0440235596,569
0679826718,723
0618162216,373
0441231942,55
0345291794,55
0345301064,55
0380816555,174
0380805421,906
0375708707,507
042516098X,696
0446613266,393
038549081X,577
0552998486,428
0671041789,843
0449909050,50
044023672X,194
014044582X,727
3423071001,538
0425170055,891
034540047X,446
0425169375,427
0060935464,332
0515116173,227
042516828X,766
0875421202,807
0099993805,445
0451184963,843
0440220602,445
0671721135,726
042513525X,217
0451156609,843
034530988X,765
2020239302,563
0671628828,43
1400031354,19
0553278118,282
0425170349,891
0425068064,11
0312975120,11
0486270556,831
0486296342,560
0380709538,98
0380709538,900
0446608955,673
0679417397,314
0440204194,569
0141439696,688
0449203662,155
0449221032,925
0070064261,337
3404149114,503
3404149114,884
9504001068,538
2253150908,715
2253048852,588
2253044911,588
0689825587,506
0380821214,875
2864241277,563
0440241073,445
0553287303,460
0451190521,843
0451190491,843
0679404856,196
2266104853,296
0449227421,503
3426600218,636
0525244581,88
069811695X,712
0440203430,766
0446606324,199
0553211234,158
0446604089,825
1558746986,374
1558746986,600
0515132187,679
0449213447,155
0446670251,413
0330328573,118
0425154092,696
0375724370,643
3492040683,44
3502506809,11
3453127013,445
0871136791,159
0553380095,624
0440504708,13
0525945938,569
0385475721,577
0425068099,11
0679405283,57
0515137111,679
0345456939,857
0743469844,74
0553583573,863
0373289278,169
0375406182,507
0345389964,446
0679751521,435
0312966091,405
0670813648,843
0399144315,540
0375504613,50
0671001795,405
0425161285,24
0156904365,130
0440414539,702
0590457233,608
0671794019,124
0440403332,712
0440948991,98
0451524667,314
0345386744,874
0140063838,455
1558748040,374
1558748040,600
0886779960,588
033042095X,227
0316782262,44
0446530387,288
0399149295,851
0679439382,237
0451179188,721
0553572105,475
0804108749,59
0425121631,459
0451168690,721
0316693235,393
0451188616,151
0425153975,217
0425119653,779
0553579983,357
0399149325,696
0804114986,32
067179356X,49
0446611808,796
0446600709,212
0449907953,402
044808919X,300
0448089165,300
0316710571,393
0553802526,545
0446530689,212
0399150854,801
0060083956,270
0399150870,766
0399149821,851
0553802496,217
1400041414,689
0525947655,756
0316603287,393
0399145664,766
0425178102,196
0618129022,373
0451210840,843
0553106643,217
0449223795,460
0156007479,274
0345434943,510
0875421849,807
0345442741,555
0399138439,217
0451167317,843
0590444646,144
0671517643,560
0766607208,599
0440133017,135
0399144706,679
0140444173,535
014070731X,934
0345396936,57
0312261918,614
0671722840,934
0140181903,249
0394587545,247
0020519303,284
0312980159,415
0451403967,57
0451524195,396
0451191889,57
0312979886,398
0679454489,57
0679454470,57
0312983271,405
0345295684,55
3257232993,92
3499141639,346
0373242190,546
0345391829,241
0609603086,503
0374281947,810
0345384911,55
0345332997,845
0886772370,588
0345318587,373
0671701231,613
0679416773,701
0440224713,801
0373484232,679
0064410137,119
0064410137,532
3453209613,241
0517706814,521
0590044931,98
0439087961,121
0671737295,124
0671745670,124
1577658043,326
0440472091,98
0380712369,98
0671798340,124
0020418809,144
0330262130,241
0380807343,669
0553577123,53
0307222519,320
0064473627,561
0061008761,74
0380752891,726
0812969812,50
0451163524,843
0451194861,843
0452280621,895
0140187375,461
0451166582,843
0330375253,339
0385503822,445
0061031410,547
0192833669,617
0425105695,11
0679742565,7
0449214176,577
0425180638,696
1853260045,158
2266051326,881
0451163540,503
0521426219,934
0671787551,638
0671869108,638
0812516001,588
0394821998,683
0192835181,345
0399145923,679
0316693251,393
3442722497,208
0679735909,7
0670881767,419
0451523377,118
0452281423,57
0380709139,98
0380709139,900
0345272609,373
0345272595,373
0345272587,373
3548252443,428
0553240633,894
0684841215,469
0670033332,339
042513699X,24
0679407715,59
015602943X,72
0345455916,24
0671877046,765
0061032042,195
0385475462,222
0515126098,227
0345387651,446
0345384563,489
0425067866,11
0679433023,57
0679444815,636
0394589424,636
0486268705,242
0486268705,388
0060921145,77
037540290X,446
0553241729,460
0671680781,227
0821761730,289
0812507428,499
0812507428,913
0425121259,217
0553572210,644
0553288342,460
0743467523,843
0312950489,635
014012389X,306
014012389X,307
0446357405,825
0345300807,203
0446517984,771
0373834284,679
0440224853,194
0345404114,554
0553567152,564
0553283502,564
0553570870,564
0446361739,796
0141007338,674
0425129586,11
0671027662,74
042513024X,11
3518383973,359
0552133256,875
0345335058,474
0671742515,241
0449213765,577
0446314986,577
0553213105,396
0440466091,560
0330267388,241
0679426140,286
0451209907,569
0525946284,503
0385318073,569
1400031362,19
0140435530,880
0689842708,497
0439443857,24
0156012197,63
0449221180,134
1853260150,688
0140010211,688
0440403782,757
0439101360,560
0439101360,712
0440195934,613
0140314202,94
0553299328,564
014032870X,762
0804115613,286
0345340426,373
0679745203,643
0679777482,239
0679777474,239
0679777466,239
0679777458,239
0345449347,446
067977744X,239
0375701907,758
034543479X,446
1853262714,535
0375705198,263
0449910830,402
044021873X,801
0439372941,119
039913543X,459
0517092816,896
0679412956,57
0394423291,895
0688156142,288
0399137734,217
0515123498,766
0670894370,395
0670031208,395
0525246606,721
0140434186,272
0141182458,388
9681336089,306
9681336089,307
0743204239,296
0192833863,118
0451207645,452
0449000869,56
0446605581,796
0679753826,758
0399142851,696
0399146253,696
0316693294,393
0385488424,390
0553096834,709
0345334019,755
0553574663,225
0399146504,459
0553099590,863
038530000X,801
0416469604,88
0140431020,396
0140431020,578
0140431020,578
0860680649,577
2253098183,271
0553279378,624
0425083837,891
0553292722,863
0380721643,670
0425183750,670
0380798573,261
0452282268,224
0345354621,636
0671442686,241
0671525808,241
0812516214,157
0451511328,617
0671441515,934
0743233026,520
0140621873,345
0060119071,896
0440224705,801
0312983867,405
0553541633,53
0684800713,284
1566840287,756
0374115540,719
0684163268,284
1400031346,19
0446524131,802
0446612626,810
0316781142,44
0609801279,521
0330491199,241
0345389417,57
0425147584,891
0373710054,739
0684853523,843
0446363669,825
0345339495,55
0812571231,630
0440918022,403
0345404319,57
0688086888,726
0312864663,726
0425098451,11
0061000299,896
0380731207,261
067940712X,50
188259312X,555
0061000035,896
2910188132,715
0060924349,66
0671627759,404
0440225116,85
0316171638,404
0440214009,85
3257211945,446
3442448387,71
0140320431,762
0451168615,843
1853260010,272
1853260002,396
0449006883,721
0553106651,217
0345413997,765
0425099334,217
067972205X,306
067972205X,307
0671891650,520
0060391022,427
0684853507,843
0670865796,383
006019295X,748
0385484003,265
0060185716,885
0061031542,885
0316603570,37
0316603570,393
0312289723,405
0765347156,146
0060745908,323
0380792745,174
0688167829,885
0812517024,146
0399146652,540
0671656155,588
0808514121,461
0375412530,59
1558008764,771
1402511787,355
0804114609,555
0345438825,555
0380868768,853
039915079X,891
069452526X,383
069452526X,383
0385729340,46
0330331973,925
0553212427,831
0553212419,831
0553577778,200
031298328X,405
0451205626,851
0449223043,460
0553284118,460
0446364622,689
0140060898,710
0060920335,66
0142002585,395
0451082028,779
0891073906,297
0373218125,679
0380728133,174
0060932147,657
0375724389,507
0375422412,479
0449003981,59
037570924X,909
0380730847,288
1573227528,716
0440221595,569
0804119430,402
0449906515,196
0671878662,630
0070064547,283
044022392X,789
0553254642,743
0553213806,388
0451410025,602
0804118558,56
0679433015,57
0394587863,57
0385471106,577
1568650426,195
3596125723,469
006097141X,25
325706277X,573
325706277X,715
0739412930,502
0821749889,398
044922046X,225
0553572040,225
0316095133,569
0064472272,561
0689839618,158
0515128600,151
0553583980,562
0515121843,679
0486292568,272
0451527712,617
0451525892,396
0451525892,578
0399147837,891
0553354779,734
0312265840,405
0743206029,613
0515136263,679
0380725827,670
0380728265,670
0684835959,613
0316780375,44
0446611948,212
0452279607,843
0670272663,843
0670451932,843
0333568745,925
0743436210,843
0446604844,199
0061044490,851
0380817691,288
0553582526,863
0451173139,503
0671038567,696
0141000198,339
055309999X,225
0380804743,425
0553578316,225
0380770334,425
0743225325,43
055321330X,495
0446519804,796
0446527017,796
0399148450,766
0061020702,875
0451161351,843
0061057649,875
0425100650,217
0373218036,679
0380752131,822
0345388593,80
0515125628,151
055357695X,502
0061059838,55
0425172546,696
0061094609,404
0060256257,714
0679427279,786
0446341991,689
006101009X,79
0061092533,79
0743235150,843
0140177396,461
0760700435,396
0140373373,396
0486408787,242
0486408787,538
0451186923,383
0451184114,843
0446356573,825
067942573X,57
0451176464,843
0451186362,843
0446607657,393
0553212923,934
0345354613,636
0553104039,796
0140430725,396
0425147363,847
0425147363,891
034068948X,65
0449238083,281
0385333919,270
0449001245,134
0449001245,196
0679889175,864
0679801111,864
0395775396,927
0140430059,396
0446613843,37
0446613843,393
0679436448,557
0553580930,894
0312980140,405
0553211951,599
0141301155,762
0525934960,88
0451521293,934
0452277507,314
0446611778,199
2070741354,657
0345385977,539
0312303467,415
0670891509,427
0312988915,276
0312988915,677
0425141233,459
0345470621,8
0757300421,374
0757300421,600
0446326062,539
0590137859,221
0590136011,729
0590136011,762
0590426818,317
0590426869,317
0590426877,317
0590426796,317
0380732726,98
0380732726,900
0380709562,98
0380709562,900
0380709600,98
038070952X,98
038070952X,900
0380709236,98
0380709236,900
0440158613,11
0060275103,311
0140293450,674
055311073X,562
037540256X,59
0440207622,194
0385306059,194
1400042070,59
0345464958,530
0743412753,33
0553583956,562
0060177225,80
0425129616,11
0688162827,825
0060083948,270
0849942845,42
0460873598,538
0316788228,44
0192815326,618
0451519841,314
0451519841,916
0553211714,535
0440160677,825
0061095869,80
0345345738,80
0375803483,723
0374266441,719
0553569902,357
0385479484,397
3257234015,701
0743417682,843
0345441036,721
0345441036,843
006109398X,687
037541200X,57
0553571885,863
014034294X,729
014034294X,762
0440717949,98
030701035X,783
0385333137,50
034538430X,217
0553576801,545
0553285785,679
0373484410,679
0399144897,376
0449001962,581
0385323921,194
0553578022,357
0440215900,492
0140187405,461
1853260584,831
0671739670,241
0440186927,11
0679783261,50
0679783261,396
1558743316,374
1558743316,600
0671452177,446
0553275976,894
0345387813,55
0812512421,261
0312979509,11
0449207145,155
0553278363,461
0671434225,135
0609609491,600
0609609491,768
3453136411,445
0553582127,357
0425169685,376
0553578308,225
0553578359,225
1853260061,388
0425146421,79
0345305779,55
0821770195,289
051513225X,151
0515129933,151
051512088X,151
0345387805,55
0345316002,55
0425179648,427
354824971X,225
3453196643,126
3404143485,199
3446201882,359
0345422406,57
0553570951,564
0140345353,403
0812507274,261
0553213938,249
1860461670,719
0375700153,557
0451190548,843
0142003735,450
0061094234,851
0061099805,851
0061093491,851
0061090808,851
0590032496,729
0590032496,762
3548255329,428
354825621X,428
0486290816,242
0609603825,251
0425192733,696
0446326925,492
0895771845,665
0451403703,815
0913367346,623
0688084923,825
0440235146,80
0553257196,743
0451526368,396
0451526368,578
0525941908,843
0375700145,557
0452284449,899
067188803X,599
0425132951,217
0380759470,726
1558747613,374
1558747613,600
0451525795,927
0806516542,560
1558745718,374
1558745718,600
0425176932,847
0425176932,891
0881030368,314
1565117794,937
3442424402,306
3442424402,307
2070374807,931
2253006629,114
0425117383,24
055321019X,396
0312984294,464
0399139745,227
0671743503,844
0140042407,461
0812550757,687
067087311X,325
0553571338,550
0525946829,569
0590060198,762
0312986343,405
0399137599,462
0425125467,779
006056668X,174
0312951914,542
0517182467,460
0875421245,807
0451178599,843
0451128370,843
0451170385,843
0395926882,77
0425151875,847
0425151875,891
0553570854,564
055357115X,564
0373218958,679
0671684256,376
0425182843,376
0812550749,630
0671720996,630
0679405127,7
0345463153,446
0312991460,405
0385501412,80
0553277901,80
0449002985,555
0060176156,58
0440159008,283
0821769278,289
0486264645,466
0451402065,151
0515133302,151
0451198948,151
0821767852,289
039914840X,679
0736605673,314
0446532452,673
0393322440,701
0553071807,845
0060167033,788
0061091561,851
0060191872,851
0385323964,270
1853265535,345
0425173534,605
0425173534,891
042510107X,891
0451203267,49
0671876570,55
0373764766,800
0061061433,206
0061061433,500
0671823884,469
0553208659,558
0553247662,558
0425187055,891
0385494327,355
0802117155,850
0316184152,273
0739306510,445
0375726373,292
0393959015,249
0445046368,577
0689868278,625
0451202627,908
0312966806,415
0842382836,629
0060528125,619
1551667436,415
0446613053,796
055357258X,225
0440228921,550
1575662450,846
0684868865,520
0446607274,635
0486266842,345
0679731806,927
0553211439,599
0553296345,734
0553573136,709
0451204530,503
0451205987,700
0679401385,721
0440213886,569
0515116068,679
0743244710,390
0140436669,560
0060910992,66
0060955716,345
0425089002,11
0807554146,317
0525483357,4
0679879242,723
0425057771,218
0316779989,214
0671568183,520
0446603716,393
0440193613,194
0743418166,418
0440235774,85
0061094404,80
0743460529,613
0449148408,288
0345359321,636
0451157443,843
0060175680,685
0671867083,613
0446605360,141
0671741209,613
038550120X,445
0849944767,297
0449907570,906
0804105146,710
0553280074,564
0380756234,151
0812589041,687
0316169226,268
0345333853,588
0060198125,428
0385497520,355
0449217191,227
014230218X,157
0312863934,157
0684835975,613
0451124685,376
0373218397,679
1566190304,273
0425179885,459
0020442203,129
0553211374,396
0671001132,49
0671793535,49
0671868691,49
0671793543,49
0671025341,49
0762102543,810
0451203526,622
0684810395,613
0399143874,679
0070064601,283
0373218419,679
0440222842,194
0399141227,679
0385319851,25
0440418321,723
0316789976,44
0671519816,180
042518109X,217
0061097861,896
0446609145,635
0141304677,729
0141304677,762
0679433740,895
0525945814,899
0899193625,148
0060974486,657
0156005891,44
076790592X,659
0060652934,129
0812504593,665
9500406977,843
1551110652,466
3453108191,635
3442067855,308
3442067855,825
3442092639,825
0380807939,498
0446602736,771
0425098400,59
0446360589,810
0385315090,194
0385319606,194
0385311923,194
0440500729,194
0385297661,194
0385306024,194
0345362721,58
0446802204,825
0446329894,825
0399144587,766
0671639218,393
0679420649,755
044023574X,85
0345379020,207
0141312556,461
9871138016,306
9871138016,307
051722108X,599
0679729976,911
0140143459,639
0553580221,217
0140442758,727
0345370430,203
0553272616,460
0449212750,581
0425127230,766
0451155580,4
0804108862,59
0399139087,24
0385304374,766
0064471047,129
0064471047,714
0345441184,588
0385336314,194
3257232543,227
0446603929,393
0440177049,194
0446518581,771
0380712040,390
0743225724,43
0553561057,734
0024182001,244
0679727299,911
0060988649,323
0808572407,874
0061099708,58
0425182886,766
0425179559,766
0425174018,766
0425157474,766
0425152901,766
0425147746,766
0425141551,766
0425137937,766
0425132935,766
0425120015,766
0440200040,766
0440188415,766
0440111323,766
0440195357,766
0440109930,766
0440180953,766
0440122147,766
0440153166,766
0440171970,766
0440157587,766
0440129613,766
0449215156,240
3746618363,575
0451143752,376
0670842702,578
0515117234,227
0393045986,403
0393045986,403
0312062346,249
006105691X,875
0451523601,880
3453171837,847
3453171837,891
345315195X,847
345315195X,891
3453147464,847
3453147464,891
0802131786,346
1558745041,374
1558745041,417
1558745041,600
082175856X,289
044914982X,289
067179390X,289
0345365925,289
0821772341,289
0440237025,194
0316171476,404
0446603600,771
0312306326,405
0061031550,885
0451169522,843
0060927216,359
0140283404,895
0380730774,5
068145413X,67
0140178198,47
0140178198,377
3453171861,891
1853261580,63
0061093335,58
0681403225,241
0140168125,377
0804113831,56
0061092193,875
0061031321,875
0446359750,689
0812577833,302
0061054895,875
044022103X,50
0553581554,357
1575666731,289
0812507436,499
0812507436,913
2070425266,92
2070411729,71
0446341878,825
0451180232,843
0905712609,843
0671625837,241
0517693119,241
0399145702,540
0446346802,932
0451137965,843
0553266578,460
0449219550,227
0425128164,217
0425107469,217
0451162145,721
042510687X,779
0440198577,460
0553262645,460
044018293X,460
0515101230,540
0515129941,540
0807554545,317
0807534374,317
0807530816,317
0807554227,317
0807554200,317
0142000221,339
0140041796,762
052594544X,447
0345434676,55
0440204208,801
0843949783,218
0156252856,63
0140620443,158
0517053616,934
0517147815,538
3596258758,911
057106700X,388
0006547834,719
3442724627,288
0345410017,734
0486414167,242
0385494238,355
0425105334,843
0395878063,734
0553580191,217
0064400565,244
0064400565,312
0345379365,80
0345307615,726
0804119368,56
0451172817,843
0671886665,613
0060509171,359
080506995X,75
0060958014,428
1571780386,230
3453861825,891
0345369416,765
0440120500,602
0743211375,843
0521409047,934
3426615355,674
0871131455,690
077109972X,661
0439386012,532
0451520882,367
067943853X,306
067943853X,307
0425130711,217
0575049804,875
0575047631,875
0575046066,875
0575044632,875
0575043636,875
0385317093,194
0451168089,843
080411868X,286
0451163710,310
0812511751,630
0345418263,932
0399124721,462
0553141279,55
067172262X,934
0330419560,241
0449137465,376
0452273404,238
0425145638,779
0553801376,217
0671700103,6
0552992062,446
0807508527,317
0842343318,419
0842343318,888
084234330X,419
084234330X,888
0842343326,419
0842343326,888
0842342974,419
0842342974,888
0842321969,419
0842321969,888
0515136549,151
038078615X,498
0451402049,151
0553569910,357
3251004557,214
2253137243,91
0345456335,55
0553578685,545
0743418204,418
0553574639,225
0060512822,77
0375757422,396
0553290533,863
0312273045,501
0312135866,797
0312869932,865
0679450742,402
0060391626,914
0345409329,57
0451411056,440
0446603104,796
0553803220,888
0446519790,796
014070714X,934
044011585X,194
0440200563,194
0425075699,217
0425085325,218
042511984X,217
0060393823,323
0671431285,613
0345349350,55
0061093998,687
0812508645,687
0671793128,300
0517159309,744
0192834274,727
080411109X,32
0425081818,721
0425081818,843
0345369432,447
0451206460,452
0590502077,712
0060652926,129
0140375988,935
0448060043,538
0671722905,934
0517051516,744
0307117421,320
0451194772,231
0451194772,422
0515136557,540
0965455572,44
3442726735,288
3442442532,57
0020198906,467
1578155584,405
0451527569,50
0451527569,249
0679449787,440
082177364X,289
0140263144,455
0821769367,546
0812564901,726
0440221919,34
0373482078,679
0761539220,592
0140431314,880
0140430547,158
0156005492,201
0671024183,182
0140173188,639
3442438799,825
0373035039,739
1878702033,549
0698116844,712
0553278215,461
0440213428,548
0385312121,257
0425177351,891
0312974256,415
0141439556,272
0679425268,217
0446608815,393
0515128546,679
0515114006,679
0375401601,57
0517431491,744
0399149392,679
0312875681,157
0451523385,272
0380789663,734
0380789590,734
0316769495,372
0670880728,339
0385472943,445
2290308404,843
0553801341,217
0375803017,734
0671039725,843
0345389425,57
0671722891,934
0451142934,843
0451526929,934
0440173922,194
0061031992,383
0764226770,210
0425104346,217
0425198057,622
1581960085,564
0446520802,673
0425168468,24
0553227467,881
0515130966,151
0060152583,657
0440206146,881
0618129014,373
0684195976,696
0425092917,59
0449911519,237
0440236754,194
0451173317,843
0451160525,843
014035008X,560
0684813440,468
0684813459,468
0684813467,467
0553210211,272
0445405627,689
0440201705,447
0425195473,679
0307122034,320
3453868315,589
3404148665,188
3630869459,296
034536208X,530
0787108960,241
0787108960,241
1563890895,669
0553578731,631
0440118700,460
0590457241,608
0553242172,461
0553800949,357
0349105715,354
057114456X,657
0590101129,326
0140430083,158
006050918X,359
0804114277,282
0312955006,635
014071491X,934
037325024X,360
0061057908,55
0061050946,55
0345351878,55
0441003389,55
0441005314,55
0061057894,55
0671682083,520
0192816276,466
0449908798,402
0446675059,104
0375411550,895
0452284937,899
0316781010,44
0895772175,599
0064400018,312
0609602438,220
0804102988,251
0440150167,447
0807593664,317
0140314512,94
0140714197,934
0345404769,755
0425158594,217
1558745017,374
1558745017,600
0385319207,50
0671722794,934
0804900078,665
0156008661,569
0425163407,696
0451525027,599
0515099546,540
0425067769,11
0671502522,67
0671502522,476
026382831X,856
3442420156,789
3792000261,63
0451190955,544
0451160533,544
006039384X,323
3442451752,659
1853262439,934
1853262544,934
1853260339,831
0553212737,396
0345434110,874
0061032476,383
055356983X,53
1853262773,880
0425195449,459
0451210611,252
0679438890,689
0812929802,601
0749717556,777
0141301104,762
0425170500,24
0399148248,679
9500416387,779
9500704285,306
9500704285,307
0425174344,24
0061015075,738
0060082194,270
1573229725,805
0786889306,390
0425136981,217
0671673653,613
0440224780,194
0060930314,657
0679419454,636
2266123254,360
0804115761,402
0812513495,687
3442426030,167
0060179341,58
0316152196,635
0312185863,405
1555838537,537
0449219399,581
006104296X,275
0451524608,934
0451522869,934
0451524101,934
0451522990,934
0451522966,934
0451524098,934
0451523113,934
0451522664,934
0451522974,934
0140707204,934
0140707182,934
014070728X,934
0441001416,55
0517552000,241
1573227889,805
0373240007,679
0765304341,157
0345430514,229
0060933186,738
0061097853,896
349913943X,658
0140390227,495
0743477553,934
0671867091,613
1575662728,856
0590554093,864
0886778905,630
0425147517,217
0345386108,217
0671795554,476
0553576798,545
0446525537,673
038550117X,397
0345446666,689
0449207668,56
0061008079,80
0553255762,624
0671690094,53
0440295556,445
0553241443,11
0425071588,765
0156004801,773
0060959541,181
0743205820,141
0061094226,851
3446177108,472
3426609568,588
3453090578,843
3442441188,513
0060175796,77
3442442540,167
3485008702,19
345307565X,445
0340424354,634
0671000314,180
0446522597,199
0375507876,69
0380710811,182
1558746226,374
1558746226,417
1558746226,600
0375502912,522
0375506276,446
1582340110,287
0684803968,613
0446611476,288
0877953120,581
0553379194,631
0345440781,203
0345440781,531
051770739X,641
0451203771,569
0515124893,679
0671528203,613
0786860820,390
0812540336,499
0812540336,913
0399504583,911
0140351302,158
0553210793,599
0590503111,406
0590503111,655
1885223331,374
0515133973,679
044016205X,447
067162461X,520
0440229499,550
0449911594,59
0151002290,208
0446892041,825
0440476399,702
0694523283,547
0385333412,526
0345367758,289
0140430016,272
0816158770,77
0590203509,560
0061056448,87
0804108897,59
0553246895,624
0060012331,875
0446525774,199
0440404975,550
0060930861,788
0821776037,546
0385316917,194
0385335431,194
0385333463,194
0440205573,194
0440221501,194
0385313012,194
0385333064,194
0440201926,194
0440176484,194
0446612731,635
0440476968,702
0670894184,867
0486270602,242
0486270602,665
0486278026,934
0486297659,934
0399144560,227
0694523321,58
0060577479,58
0440216818,85
0385319568,194
0679454497,57
0449906817,333
0312968973,584
0345368991,55
038542017X,521
0671779370,67
0380807947,498
0380005255,498
038079828X,498
0515111317,151
0451202902,700
0446356611,825
0446350109,825
0671877992,588
0671721100,630
0812534832,726
0671721623,630
0671698850,630
0671721542,630
0671876155,630
0140434895,158
0140180923,466
0452280397,895
0886775167,630
0812521145,630
0671721259,630
0671876287,630
0140265988,10
059049418X,487
207038165X,657
0399139206,766
0060163704,896
3453152891,891
3518382357,359
3453052544,843
0525947671,899
0151004439,208
0679642382,7
0804113475,59
0440147956,569
0375415351,895
0440212359,569
0671507303,227
0836226844,283
0515113328,540
0515093203,540
0446525731,199
0449212653,227
0515107867,540
0515132268,540
0451190572,843
0671601075,241
067166493X,241
0671532642,241
0886772680,588
0515109509,540
0385483260,158
1566195268,599
0449225046,460
0812520157,687
0449208281,240
0099272687,59
0345338588,726
0345318854,726
0061097101,700
0140104321,576
2266104535,575
0140622306,388
0440432960,98
055327449X,734
0425093328,765
1569470154,853
0439228913,272
0060951281,359
0679879269,723
0679879250,723
0060951303,359
0451159497,779
0425155404,779
9875021245,118
0486405524,326
0151002177,314
0613072103,636
067945540X,636
0618002235,373
0452262933,314
0517488906,538
0060294884,217
006447108X,129
006447108X,714
0451409973,411
0380816792,498
0449206610,212
0446306177,492
0380844001,498
0140620753,396
0525946632,278
0440295521,445
3423125195,861
0140363033,762
0140363033,898
3548208975,747
0451078721,843
0375411070,134
051743623X,934
0312080824,158
0671525247,727
1853260231,618
0060927518,657
0140096949,657
0394497848,895
0940322587,895
0345410998,554
0553107003,376
0385243022,195
1573220167,674
0743225082,897
0425184943,24
0671867164,613
0060955635,685
1558748903,374
1558748903,600
0060740450,306
0060740450,307
0451199685,151
0679441018,57
0345377648,57
0140052801,118
0345310020,306
0345310020,307
0064472795,625
0140434941,158
0553210351,535
0515128325,475
0140361219,4
0060919760,924
0849916836,623
3453210719,214
0385031149,917
3462032208,674
1568654383,206
0553277537,734
0553234161,461
0671640585,376
0449910237,402
0553235575,11
0020519605,284
0399148701,891
0399131493,891
0870212850,891
0224030361,894
0425150143,847
0425150143,891
0399144803,679
0689868456,625
0061096113,547
0316116726,385
0805029648,196
0446609404,393
0864922302,566
0312111029,267
0312111029,873
1573221937,674
0896087247,71
0451523652,396
0312983301,405
0373483694,679
0373218478,679
0804119538,857
0716713616,604
0590416936,777
0425067750,11
0425144372,891
055323336X,460
0749933380,562
0349111863,131
0140118470,762
0380718758,267
0380718758,873
0385492707,246
1566191432,396
0671026682,180
0141182806,388
3150012198,671
3150012198,672
0684834731,756
0451409132,602
0385297548,85
0060182687,80
0743204832,390
0451204158,881
0345373707,57
0440376408,665
0670839531,843
0374121230,25
0812035844,934
0316693707,393
0140363386,434
0140363378,434
0312854137,726
0380727331,595
0425161633,24
1400002877,32
0385503954,355
0316097500,826
0345396545,874
0385507607,24
0743206061,613
006016249X,58
0553802453,357
0399148469,670
0553802461,357
0679781307,92
0679781307,139
0449221393,227
0449147282,288
0425071871,217
0449218929,288
0671660632,241
0345323750,287
0345346904,302
0330482432,729
3404143434,843
3453152271,723
3499230755,689
3499230755,882
3453137442,723
3257008724,158
3426618303,251
0345391837,241
0571081789,860
0156236001,158
0060177888,283
0440214114,194
0671016652,74
0451450442,875
0440987202,548
0446357421,825
0399141065,779
0553212478,617
0842329242,419
0842329242,888
0553106333,863
0590451782,560
0425168298,459
1566193087,272
0553213423,158
0553213423,446
0345433165,460
0671799045,520
0486264661,273
0515129232,227
0345400011,539
0399147659,696
0345367693,203
0345367693,531
0345373529,203
096623460X,114
0446357448,825
0060510323,359
0061008095,80
0060951273,359
0374523789,461
067972768X,32
0446608106,580
0385319215,613
0061099732,58
0385414587,240
0449911373,240
0399142193,891
0385729332,46
0345428919,791
0345448995,203
0345448995,531
0061099155,896
0671878638,630
0886778913,588
0192823795,831
0394758277,735
0375405119,701
0451527461,671
0451527461,672
0425168220,847
0425168220,891
0440220793,452
0425146413,459
0590341286,408
0590341286,920
0140285105,909
068803196X,825
060303294X,277
0486275574,934
0349107688,354
0451404327,151
0425191729,180
0878575707,196
044022330X,13
0553050044,180
0812534085,157
0394740181,753
0394740181,753
0553279580,157
0553276409,124
0380441071,707
0451210638,636
0486290387,242
0440173701,194
0375432329,659
0399151060,679
0345456521,56
0842384065,419
0842332340,419
0446600768,141
0804103658,578
0451402383,151
0451402340,151
0671525751,476
0609602497,514
0312864833,687
0060158638,77
0064407691,119
0064407691,532
1566197198,220
0671004239,756
0449006565,56
0345440048,56
0345376579,602
0192833901,158
0140432620,345
0399150412,180
0440207770,569
9500705117,306
9500705117,307
0571206484,77
0316769509,372
0451150716,843
0061059056,875
344243761X,602
039914675X,540
0553273299,644
0671741187,613
0440147190,352
0060521902,527
0440235154,80
0446353957,796
0373835922,679
0449003302,288
0399140751,540
0671722131,520
3453177746,881
0449908593,282
0449911799,59
0449911721,59
0449911780,59
0449911896,59
0345353617,587
0446601853,796
0451524780,831
0312872836,588
0140258175,396
0915144182,727
0553100017,225
0553100009,225
0684195984,696
0399141464,696
0684195305,696
0941711420,696
0425177068,766
0886772885,588
0812575237,843
0743245520,796
0449209733,212
0425194515,217
0446532215,203
0446532215,531
0006135986,829
0399144714,779
0312275714,501
0440343194,747
0449212645,227
067082982X,843
0451204301,151
0842329269,419
0842329269,888
0380976307,200
0380976307,687
0373484895,679
0451524497,535
0451211561,851
0380729407,734
1558749209,374
1558749209,600
0399135790,217
0345356950,874
2253060224,686
0312265859,405
0425165701,605
0425165701,891
0451522273,249
0688046592,503
2207304019,462
2207304000,462
2207250660,734
0399148779,151
3442439019,696
0385092148,803
0385092148,927
0812532597,687
0525945768,452
0060589272,715
0670628301,474
0425190919,847
0425190919,891
0515119202,679
1551660504,679
0425163415,376
0688046606,503
0156767503,314
0380563908,182
0743411447,385
0743411447,390
0140432264,345
0553210246,880
006054564X,359
0553257749,734
0451516680,466
0345441788,251
0140620478,880
076070015X,249
0425087700,11
2013218923,11
0812523016,118
0061020672,875
0671664948,241
0345316509,765
0684822768,284
0451192915,231
0451192915,422
0553100343,200
0451194756,231
0451194756,422
0451406176,151
0440071240,85
0688078028,747
0345385209,203
0446602345,689
0671737775,180
0553276328,180
0787103950,825
0804109729,251
0060194995,332
2277302686,875
2846400539,939
2846400520,939
0440236851,194
0425151867,779
0446311774,689
0425180050,847
0425180050,891
0446609943,796
0316153990,635
0152022686,124
0060956860,97
3423104740,461
042518286X,779
0394712528,927
0394714342,927
0373243286,679
0440117437,194
0786885238,446
0380820048,79
0553288555,357
0449909557,240
0553584480,217
0449908585,710
0679410325,237
0449206211,581
055320663X,180
0671631845,180
0671742760,180
0671001809,180
0670858692,843
0446531316,288
0671737600,476
0440216575,257
0671525743,476
0061094595,404
0671742558,476
006108459X,856
0451162919,252
0671737627,476
0060518049,237
0060518049,237
0061099368,851
3453071174,445
1568650922,825
0312858817,588
0688143679,288
0395898714,373
1929132123,898
0486404277,242
0060932678,306
0060932678,307
0345442822,555
0393967913,396
0394558235,57
3404143744,218
3404132998,843
3453171721,217
3404141849,218
3404142187,218
3453177541,721
3453162900,218
3453036972,843
3453088883,843
3404131606,843
340413088X,843
3453021347,843
3453003128,843
3404130014,843
0451190750,843
3453002393,843
0395193958,373
0553210599,345
0812509250,687
0812532554,687
0345417976,446
0451525469,880
0393324494,599
1551667053,546
0440217466,194
3548245897,513
0440412226,550
0786888067,175
0312254385,634
0425176169,679
0374423296,478
0440223202,569
2253153982,91
2253076996,696
2266127365,57
0140042598,377
0399149848,679
0385335377,194
0425119920,217
0451456521,588
1551660202,679
225314696X,114
0446600466,393
0425098834,59
0345409051,474
0446600474,393
0679450408,755
034543014X,932
1563895730,669
1563890356,669
0061020699,875
086140324X,875
156389226X,165
156389226X,669
1401200893,669
0061092819,74
0312869592,157
0140328734,762
1563892251,652
1563892251,669
1563892464,669
038097827X,669
0312874014,157
0312873972,157
1565041992,669
014143967X,158
0451150244,843
0553350072,11
0380973634,669
0765300222,157
0441008615,669
0441008615,875
0345434803,57
0671040480,404
0373242077,546
0373835558,315
0141301066,762
0515095524,11
0451628276,727
1551660237,796
0451408845,151
0373835493,315
0373835590,315
0373835582,315
0373834454,315
0373834446,315
0446329142,825
0446354678,825
0446341932,825
0060934700,669
0373834489,315
0066238501,129
0066238501,714
0553265741,679
0380977281,669
014100018X,428
0312865104,157
0373834462,315
0575061596,674
0340718153,653
0553560468,577
0446356832,825
0553263633,734
0553280325,734
0375503838,515
0345342445,765
0345350596,765
1557733856,854
0553294849,854
0553297341,854
0425115844,79
0553580523,854
0812502124,687
0812533593,687
0812533534,687
0061094560,567
0553571842,502
0553583441,502
0140230165,88
0553575538,502
1557734909,854
0064400026,312
0821769340,546
0553157124,95
0684196387,405
0060164662,66
0385470819,445
0316779423,214
0375400699,306
0375400699,307
0151000719,707
1841950521,16
0140366857,505
2253170372,613
2253170569,613
2253140872,114
2253049417,373
2253002895,407
0061092606,896
0752804510,569
0060085444,625
0821766066,941
0618260307,373
0849995299,623
0553258656,359
0671415948,11
0440215234,25
0385491085,577
0460876171,345
0553569074,624
039607412X,11
0671641778,588
0380817705,669
0060907894,860
014018371X,466
0451139712,843
0312140940,634
0006643094,898
0440224837,194
2070513726,729
2070513726,762
2070544281,729
2070544281,762
2266120158,881
014143984X,118
226612269X,575
2070375161,314
0752853694,875
0679416781,643
0380603764,182
0606006133,249
0140176616,81
1853260657,466
0679777377,643
0618446877,710
0679725229,911
0385418485,878
009179319X,440
1575664550,941
0684191415,696
0553265520,460
0399133143,843
0671882198,67
0425133516,891
0679439242,624
0156838389,243
0618129030,373
0373079621,857
0553562746,796
0373708084,739
0849938635,297
0553107232,225
0743431367,74
0440168724,194
0446527130,796
038075620X,151
055329945X,357
0515107662,151
0440213290,569
0345409663,57
0425104338,843
0451191935,843
0787955876,921
1573228583,674
0060997028,657
0060997001,657
0553211684,880
0743455967,843
0435240609,639
0062513982,715
006251279X,715
0765341174,687
0886777208,630
0886777550,630
0886777127,630
0886776619,630
0886776120,630
0886775639,630
0886774632,630
0886774144,630
0886774543,630
0886777739,630
0886774004,630
0886773776,630
0812535219,687
0312921098,687
0812533313,687
0812533577,687
0812500865,687
0812521358,687
0812523679,687
0812523040,687
0812533658,687
0812516850,687
0812532961,687
0812532988,687
0812532619,687
0812532635,687
0380775123,588
0380775123,630
0375815260,729
0375815260,762
0515136379,679
0515136530,679
051513628X,679
0385294638,194
0448426862,456
0806512318,941
0451125452,843
0451149513,843
0803298145,462
0590880748,487
0590880780,486
0553290851,796
0671019813,638
0441091660,403
0345296052,373
0345296052,373
0380699575,924
0345296044,373
0812521048,630
0345368959,55
0345285980,55
0451161343,843
0879977620,588
0879979623,588
044106857X,588
0879978066,588
0345315642,588
0886771854,588
0451454081,310
0886770963,588
0886774519,588
0879978155,588
0671448757,588
0441892558,588
0886770750,588
0812500067,588
0879978570,588
0441159354,588
0345288300,588
0671448773,588
0879979283,588
0886770416,588
044018178X,687
0441918107,687
0451452941,310
0451452305,310
0451454499,310
0425058190,687
047121888X,768
0886773199,630
0886772222,630
0886772559,630
0886771897,630
0886772850,630
0449007383,581
0425062856,721
0449903001,44
0449237842,283
0441791131,588
0312855486,630
0671896776,638
0345257448,55
0441735762,55
0345273575,55
0345256662,55
0345272455,55
0345379144,815
034528643X,55
0425030520,765
0345260724,765
0440204925,602
0671797050,685
0553290797,588
0671721224,630
0879977906,865
0446322563,477
1559702125,829
0553227041,644
0449209695,581
0449206181,581
0451204891,452
0743437888,638
0380724987,288
0756400619,630
006109918X,896
0553576623,644
0064408655,119
0064408655,532
0425136191,779
0446348287,689
0671502948,300
0671746065,241
0451119932,779
0765340054,687
0812509145,261
0064408663,119
0064408663,532
0141301058,729
0141301058,762
0026890380,107
0307128385,320
0312180624,797
0440213029,569
0449219372,581
0440223016,560
0745926290,395
0849942187,42
1561797464,158
0020869002,130
1565121562,530
0684823772,130
0671753819,520
0553211587,599
1576737284,623
0449215296,283
0141311908,762
0156329301,130
0553212060,665
0064471098,129
0064471098,714
048626968X,242
0671722654,934
0452282195,895
0425097269,721
1566190932,396
0451521250,934
0451521323,934
0679745424,895
037540273X,895
0449227545,503
0425171884,605
0425171884,891
0061003638,11
0553279718,200
0553269828,200
0060830719,535
0553214187,927
0380726254,288
0451522923,158
0140441077,671
0140441077,672
0385720254,860
0684856603,613
0449209113,155
0553212486,249
0486266907,249
0385491077,577
0446343455,134
0671721755,630
0671721755,726
0345257189,845
0345257170,845
0345257162,845
0345335651,203
0553109405,881
3499233002,145
325720485X,701
3499228548,895
1853260096,934
0373250487,360
0525942254,622
038071082X,182
0060157992,58
0385501005,653
059055204X,293
0609610031,411
0060097469,561
0380709163,98
0380709163,900
0517613441,744
0517613476,744
0345435257,874
0735100004,249
0061093890,685
0553800973,357
0671527886,49
0440222826,452
0807506451,317
0385488440,390
0803725167,757
038532331X,548
1551667932,796
0345433319,460
0399145079,24
0312203594,797
0517139618,404
0689821395,267
0689821395,873
0671521101,180
0385319037,526
0140282033,428
0060293152,311
0671027646,756
0060294698,625
0613072111,55
0425113884,779
0066236568,561
0060185287,700
0345356365,874
0345336429,530
1558747060,374
1558747060,417
1558747060,600
1558746463,374
1558746463,600
1558746099,374
1558746099,600
1558747141,374
1558747141,600
0345382919,530
0452266637,57
006109028X,89
0757300243,374
0757300243,600
1558744029,374
1558744029,600
1558743790,374
1558743790,600
1558748008,374
1558748008,600
1558745629,374
1558745629,600
1558747966,374
1558747966,600
0060287365,403
0312187106,797
0849952476,623
0849952492,623
0449910741,220
1577311108,924
0060392827,323
0613225937,286
0440124344,194
0312147015,797
1558743545,374
1558743545,600
0767906543,653
0142000345,395
0399141855,227
0385485697,467
0590959433,124
0671794493,685
0849953421,623
0380975068,174
0517118971,744
067161276X,404
0671794507,685
0590479172,406
0590479172,655
0064402509,312
0590934252,712
0590934252,898
0590947168,712
0590947168,898
0805002138,505
1587172046,505
0141302283,729
0141302283,762
1558746587,374
1558746587,600
2894641214,939
0140376283,491
0684823799,129
0440430461,702
0451628454,76
0373483503,679
0373270976,679
0515122734,679
1551665794,74
0061010995,74
0451160916,843
0446607207,825
0440209412,194
0807510092,317
0842321950,419
0842321950,888
0842329250,419
0842329250,888
0060591706,359
0060951311,359
155994806X,538
0807281859,723
0061091944,89
0451171012,540
0394534433,57
0802131867,377
0345410289,530
0345410424,530
0060956291,112
0609608738,229
0345410394,530
0375500510,50
0425184757,24
0385333293,25
0380729768,5
0393956539,665
0375726012,758
0671441981,721
0140440488,727
0575048360,875
0688143687,288
006019345X,738
0394501691,135
0060912227,657
0140096922,657
0140064702,657
0553203487,372
0140059245,657
0156970902,63
0345292340,734
0380003333,337
0821746219,488
0373482949,796
155166531X,796
0446360732,796
0553567683,796
0446603090,796
055329783X,796
0373160011,796
0373898347,404
0553220284,796
0373253184,74
0061093343,58
0373898339,404
0061042331,74
0449223515,78
0671775235,638
0671019147,638
0553219510,796
0553220012,796
0553217771,796
0553289993,502
0553569651,502
0345379055,207
0671042092,223
0553233688,558
0739439065,679
0553213342,396
0061064173,618
0812534077,157
0066210844,89
087542127X,807
340413348X,632
0749719745,277
3453146972,241
3404118251,286
0373484429,679
0515041858,447
0515041866,447
0515035084,447
0679724516,829
0375757295,396
0060174900,860
0375704469,860
0684839075,284
0684818981,284
068482499X,284
0060909005,860
0060909005,869
0385285019,747
0385484011,265
0452281458,57
0452281431,57
0061014788,906
0451526120,249
0449215024,288
0451170113,843
0316153915,635
0425155722,459
0440236665,194
0425049264,726
0736618198,689
0451525884,396
0451525884,578
034539092X,636
0345349520,789
0385491107,577
0786209542,685
0385720955,577
0743442245,622
006109868X,77
0860681297,577
0553212664,560
0385319002,526
0330482076,625
0060294655,625
0316777722,214
0679723161,911
0099143712,286
0140252525,661
0684853868,520
0345417941,446
0385720467,397
0684803356,284
0684865726,284
0521662605,577
0440574862,595
0061099058,283
0399133453,891
0684174715,284
0375702903,59
0060172754,788
0061094781,851
0451191986,622
0380778726,267
0380778726,873
006440031X,312
0590649191,317
0380725231,174
0440223253,801
0061096105,547
0027582000,129
0670868434,595
0395498589,595
0807563277,317
0440218101,865
0061097667,685
0394578074,539
0689818769,35
0689818769,121
0671008978,756
0786862343,412
0679744398,183
0140177388,461
0553251996,624
0441359175,765
0395866502,397
0060964073,66
0060964065,66
0060964057,66
0743442911,168
0374525234,833
0395860296,710
0060924926,66
0439162521,681
0590406205,312
0590213113,712
014017737X,461
1573229628,265
0440322049,595
0140328696,762
0451196856,383
0446351709,810
0553151657,762
0553150979,762
0525938850,908
0880291230,762
0140055770,762
0307122379,320
1890132322,407
0805002545,196
030701021X,103
0307001040,783
0307001040,783
0717288234,4
1400045088,241
0380707799,707
0312954468,925
0553574086,644
0757300618,374
0757300618,600
0449908453,56
0440221048,452
0345394267,602
0679429883,755
0446515868,261
0553106341,863
0345404785,755
068480297X,180
0399139710,779
0375704892,789
0451191951,81
0451191951,789
0679429891,755
0316693863,393
0449224392,56
0451184726,815
0345389409,57
0399145850,376
0446667900,635
0786881011,390
0380730820,288
0446604232,796
0517084791,636
0525939695,815
0446403237,580
0446604062,580
0425067858,11
0425174727,11
0553276069,743
0060084022,270
0812514300,146
0446611085,393
0618219153,710
0679722769,388
1570089949,687
0451197399,815
0380732343,885
0380978415,174
055356773X,225
0451179285,843
014003613X,287
0812561864,146
0399149562,540
0718146298,405
0446344672,539
0553261096,743
0812574745,726
0380816547,174
0312042779,225
0553234978,743
0684810972,174
0312951469,174
0451165624,377
0671881884,174
0380978407,174
0618012710,896
0345438817,555
0312198493,415
0425135020,439
0425135020,459
0871138190,131
0446600458,393
055327824X,461
0553211765,158
0451403754,700
0553107240,225
0399142401,679
0070064512,283
1565075315,651
1558746625,374
1558746625,600
1558744592,374
1558744592,600
0440224594,569
0670878847,383
0060193751,700
055326981X,200
0380766558,498
0803298188,326
082177462X,289
0679767185,208
0060925582,204
0886776430,630
0345338715,203
0345338715,531
0345403959,203
0345403959,531
0451205235,602
0684822652,405
0689860064,55
0451524381,934
0553569155,420
0804117683,402
0446600660,134
0399236260,35
0385491034,577
0446677388,393
0385498055,355
0679731946,45
0140186832,388
0816752087,406
0816752087,655
0758201885,707
0880015942,112
1566198798,599
0060002093,657
0878575103,196
0785799524,59
0440222028,789
1558748865,374
1558748865,600
0553096060,420
0679404864,196
0671793578,49
0156814161,7
0060932384,657
0385484275,477
0373243790,679
1569470553,853
0679759263,597
067975556X,748
0679727256,911
0679727272,911
0399145672,196
0679432477,758
0736900640,629
0060168609,788
0679735461,597
0517595753,196
068480123X,249
0156006197,578
0375724842,789
0425137473,613
0425137473,789
0425137473,801
0060198133,428
0449912787,555
0316313076,268
0060928417,657
0671885332,402
034536676X,446
0812217268,195
0449209105,155
0449908747,402
0060972122,634
0449910571,59
0312192037,542
0743410599,492
0440224012,390
0140250409,81
0330293796,227
0140071814,710
0345433327,460
0786880112,390
0743448677,49
031225234X,398
0060595620,145
0312209517,501
0312284683,415
0451160436,49
037541388X,526
0515126772,679
0316317713,268
0345367081,539
1400060923,721
0312983832,614
039915180X,459
0970998716,218
055310666X,217
0385335520,194
0385335490,194
0553801430,217
0743453468,492
0140620222,396
0385336306,194
0373218974,679
0440224810,194
0446602159,74
0373218966,679
0373239963,679
0440170796,194
0670844527,843
0743474104,194
048627165X,604
006053429X,914
0446360716,796
0786868139,175
0553582941,217
0345396065,554
0553074741,460
0891076182,297
067942525X,217
067100042X,613
0553291009,475
0385299087,194
0425140032,217
0345422783,50
1855013592,934
0553024248,636
0689823215,403
0345335082,55
0399146857,32
0064400484,244
0440417945,98
0385319800,85
0740718665,49
0553271717,584
0553241346,558
0140436499,158
0451526783,934
0553212818,934
0345360354,815
0312989741,584
0816714630,158
0307016277,320
0590262173,221
0020868308,129
0553573004,854
0515087122,540
0380798565,261
0895269163,727
0449213323,581
0446314889,581
0449001725,581
0671721097,55
0449006700,240
0517093588,934
0671509810,934
0316769517,365
0515119520,227
0140063315,455
034529873X,55
0061099813,283
0679742298,701
0345327772,801
0345300785,203
0345300793,203
0449209377,283
0393048136,639
0440459516,94
0449149560,240
0553156756,95
0590866338,221
0307101991,320
0445402296,261
0671727680,934
0440473519,98
0590447742,505
0440495555,505
0380709546,98
0380709546,900
0440454115,98
0445085452,182
0312203039,405
0380794063,815
0812531167,726
0671450492,275
042518885X,854
0756400988,55
0345374568,602
0451519167,396
0603550622,277
0064410722,323
0553258915,229
0449237850,283
0671455281,275
0583300650,277
0583300588,277
0583300359,277
0583300340,277
0583300332,277
0583300324,277
0451523555,599
0671438190,275
0689831404,505
0195003640,727
0425104060,11
0671722751,934
0553213202,249
0385474903,633
0385474903,933
0821744526,846
0440447682,560
0671727184,934
0440760755,98
0451141083,779
0345356535,815
0060507772,705
0060507772,875
0449149986,815
0451518519,934
0553212982,934
0345336003,726
0380709244,98
0380709244,900
0425152898,459
0451521269,934
0061030597,547
0449235637,240
0345314484,55
0553234595,55
0440986311,712
0553275224,881
0345341678,55
0553211285,599
044042299X,98
0440432952,98
0440772109,98
0440472415,98
044040665X,98
044096895X,712
0380978954,875
0140568123,395
0380759489,726
0399139141,459
0345337484,726
0345318862,726
0345311078,726
0345313216,726
0345317718,726
0345327861,55
0553252542,743
0812510992,55
0553294229,584
034530456X,726
0345335090,726
0446360082,584
0609601008,229
0345354648,636
0061020648,875
0061056014,824
0609608533,789
0316678104,44
0448060191,560
0671741195,613
0345386132,755
185715133X,911
0425157180,427
0684179962,284
0425171094,427
0449214427,56
038072362X,670
0345433262,56
0446603651,104
0451176820,848
0385301499,569
0060185147,547
0345409043,474
0440110653,613
0385335121,569
0449225666,56
1573229601,641
1575667614,289
0718143515,227
0380710854,182
0670220264,843
081293217X,601
0375417206,557
0192815539,688
0449219402,581
0446691798,673
0961035269,669
1585670227,760
0874411033,155
044661078X,856
0739302213,445
1551666189,415
0373708408,739
0671786601,492
0373195419,872
0515133868,679
0373834853,74
9507682074,688
0449208648,240
0449214281,247
044918336X,240
0449150046,240
0140430032,158
1567403263,562
0449002268,530
039592684X,32
080410946X,50
0425176339,427
0440206529,85
051511779X,679
055358264X,562
0060924802,66
0142003514,231
0060927569,77
0140442618,727
0451526562,158
0553210165,158
0787119784,538
0060912529,657
0553273221,352
0679445102,560
0425158632,891
042511306X,79
0821766430,941
0425132048,459
0671786466,492
0446606189,393
1551665042,340
0440215994,492
155166951X,415
0821772228,404
0553803409,357
074320607X,613
0060514930,547
0553581023,562
0440225043,492
0373255632,415
0553802542,796
0671786539,492
0446603392,217
0399139540,891
0446520950,199
014005829X,461
006095129X,359
060980149X,521
0671502336,469
0141439513,396
159308059X,688
0060558121,669
0374199698,413
0375828192,723
0399132821,24
1573220876,674
044041833X,723
0156027399,274
0425047075,217
0345384377,217
0425097773,217
0671891685,520
0553299468,357
0399145885,180
0446602620,635
0517701766,503
087795223X,503
0451202732,252
2843370744,715
2070383652,643
0393323668,701
0330305735,894
157270120X,11
207036240X,407
2702408648,11
0425093255,11
2702426328,11
2702413722,11
2253009199,11
225302001X,11
0517064596,59
037540600X,402
0198117477,934
1568655800,815
067972723X,911
0679727264,911
0679723439,911
0679726209,911
0679727221,911
0679726098,911
0679723390,911
0679727280,911
0679728864,911
0679725415,911
0679410775,911
0060926597,77
156389629X,669
1563890119,571
1563890119,652
1563890119,669
1563890119,793
156389016X,165
156389016X,669
1563890410,652
1563890410,669
0440204399,469
0963094432,669
0375700137,557
0679738290,7
0553377892,577
0553377922,577
0449911535,577
0375727612,597
0060569662,48
0879518340,760
0375407561,139
0385491026,577
0451513355,158
0679727248,911
0679724508,911
1877741094,734
0399150749,32
0525946896,503
0446364495,771
0553150510,762
0451409361,602
0064400034,312
089009683X,505
086611873X,538
0525444440,4
0525444459,4
0525444467,4
2266070592,373
2266070606,373
2253002887,688
2070764702,71
2264035951,577
2020309610,183
2070368726,407
2020088959,604
286930756X,939
2253150371,843
2070378411,740
2020309629,183
2070385698,388
2869304870,211
2742714448,788
2743608765,211
2742700064,786
2020257785,446
2869305583,211
2869304560,211
0807511455,317
080751604X,317
0807554065,317
0807528552,317
0807510793,317
0807553980,317
0807553689,317
0807553859,317
0807531782,317
0807553670,317
0807507091,317
0807507946,317
0807551414,317
0807576743,317
0807576239,317
0807554189,317
0807554014,317
0807553948,317
0807553395,317
0807565350,317
0807503193,317
0807553794,317
0807503673,317
0807515604,317
0807509760,317
0807553727,317
0807580872,317
080757516X,317
0807572632,317
0807534137,317
0440237009,194
0671749412,194
0440186560,194
0440184053,194
0440185327,194
0440217547,194
055357602X,796
0451196716,843
0515090166,540
0515087947,540
0453004687,843
067103975X,843
0670868361,843
0452262143,843
0451167805,843
0451132378,843
0451190564,843
0451190556,843
0140258574,843
0425174271,459
039914613X,459
0399143823,459
0425126064,459
0765191121,696
0061042935,547
0425189864,459
0451176898,540
3404241185,765
3404232011,765
346202731X,281
3518115243,388
3453099826,241
3404242866,765
3453173309,875
3404231910,765
3453164121,734
3404232208,765
3453164164,200
3404242750,765
3499142813,332
3458329072,671
3458329072,672
3520377020,671
3520377020,672
0394733525,683
0060502304,636
0345456343,57
0451457595,630
0448407264,293
0156030209,937
0446364789,261
0812514432,403
0451151224,843
0425109720,891
0886771722,588
0380818418,206
0380818418,500
0345300777,203
0345309979,203
0345335708,203
0886774691,588
0886772346,588
0425103633,11
0440475821,98
0688037852,98
0688037852,900
0440203856,194
0440146844,194
0440126894,194
0553256211,80
3455024947,445
345387319X,214
3499146983,689
3426013347,689
0060080841,721
0373076312,679
0385306040,194
0385316879,194
0446527041,796
0385334710,85
1575665727,289
0399146741,475
0312179405,415
0440211891,194
0451204956,685
0515124214,679
0440213282,194
0316313203,268
0385260075,577
0517554399,241
0020412401,560
0671658662,223
0451159233,875
0618055819,550
0192827618,396
0061092177,875
0440983568,548
0671726498,548
0440918642,548
0192834347,560
0451211715,231
0451211715,422
0380761483,498
1568655878,498
0061031534,498
0399151079,540
084232920X,419
084232920X,888
0880705760,623
0451408772,151
0842329161,419
0842329161,888
0060185708,498
0842329285,419
0842329285,888
0380385880,498
071671017X,604
0515127213,151
0061059471,824
0688065716,825
014004891X,461
0449219569,227
0449206394,361
0553564994,447
0821767089,546
0684832291,613
0515120278,540
0020199082,467
0451204344,231
0451204344,422
2253076287,503
1563898810,926
1563898780,423
1563898780,669
157965116X,100
052594558X,685
0446609617,796
0375500723,624
0330331698,183
0451210875,843
0451210867,843
0451210859,843
0141308109,935
0451160959,843
080411188X,56
0938410563,353
0345354575,58
0553212230,158
0449904067,196
0440213355,801
0804108854,59
0767913019,168
0140187642,927
0345428560,631
0425129608,11
0425099148,11
0312979738,11
0451201132,11
0425129632,11
0425173917,11
0451199898,11
0451201191,11
0312981600,11
0451200187,11
0142437174,599
0312979819,11
0425175456,11
0312981651,11
042506803X,11
0425091805,11
0425098540,11
0312981686,11
0425173909,11
0451200535,11
042509961X,11
0440159229,11
0441240984,11
0451199863,11
034541215X,815
0743234901,130
0451201205,11
0440152305,11
0399146601,227
0671542125,11
0451521595,934
0713994606,535
0425130258,11
0425169251,11
0449210006,333
0345253736,55
0345362861,55
0060956739,788
0425080005,11
0425103528,11
0440192285,11
0425100413,11
0451199928,11
0425177416,11
0061003786,11
0061003689,11
0425174735,11
067142095X,11
0140361227,4
1853260282,396
0396073735,11
0743427947,638
068482504X,468
0671019163,638
0671464965,11
0812518055,687
0671823337,11
0425108589,11
0451185129,231
0451185129,422
0743427920,638
055334501X,577
089256265X,210
0373484836,679
0373244487,679
0140277293,560
0375507477,624
0670878812,861
0515120871,679
0743410602,492
0517704803,789
0671025864,905
0385495056,246
0140057935,710
0743457463,569
0451163516,503
044991089X,402
0449910261,196
0446519782,796
0380759500,726
0671722778,934
0671722646,934
0020518706,284
0486277852,927
0830724923,328
0805056211,602
0385311044,85
0060932139,657
0679870423,661
0425064506,249
0706431642,726
0446605964,553
0385480334,53
0061092614,896
067168079X,227
0671680765,227
042518904X,766
0451166876,49
0060924799,66
0521425042,934
038072121X,390
0553262815,200
0345326008,845
0446350982,810
0886774926,913
0743434870,333
0375761225,345
0671455257,275
0345330145,765
0886775647,913
0375801766,723
0425153797,809
0671882678,784
0689835558,497
055321392X,402
006109921X,58
0886777410,588
067087485X,395
0394530195,773
0064407470,311
0380812002,734
0316693715,393
0374184232,810
1575661381,289
055308576X,225
0553095870,225
0671036564,33
0449149900,721
0684834723,756
0451202317,151
0821766570,289
0393959031,880
0312979398,925
0140155058,388
0553571834,502
0515126519,227
0743430999,756
0385494246,355
0553109588,870
0449221113,227
0345397819,57
0871132095,701
0385494335,355
0394559584,80
0385245793,80
0192816861,466
0440226406,85
0679766669,755
0684169401,284
0395442567,595
0446313033,689
0671455265,275
067168356X,275
038077030X,425
0312141890,860
0140340203,729
0140340203,762
0671747827,124
0671464809,275
0671455303,275
0671455273,275
0671464140,275
0671456393,275
067145529X,275
0671464817,275
0345443802,581
0140177361,461
0525447091,4
0517541998,744
0449909549,240
0451197011,447
0316769576,372
0316769029,365
0192833588,396
0425143570,376
0786011386,941
0786010576,941
031211933X,34
0385315147,719
0684832860,707
0449219615,56
0394571819,539
0553252836,502
0449210235,24
0425118312,79
0441006256,55
0345379845,55
0879516976,865
0879516984,865
0425140946,779
0375500316,624
3548254152,843
3442446783,513
325721605X,446
0446341754,825
0446341851,825
067150732X,227
0553487728,638
0515115649,540
0812585658,55
1565845609,829
067122591X,477
0395339707,477
0896935477,922
0373218575,679
0373218850,679
0893756113,396
0451626109,129
0020868901,130
0020442300,129
1558531211,327
0064471063,129
0064471063,714
0064409422,129
0064409422,714
0064471055,129
0064471055,714
0064471071,129
0064471071,714
0449238946,283
0449237869,283
0891096078,518
0688151981,181
0064400085,312
0064400077,312
0064400069,312
0064400050,312
0064400042,312
0849913241,623
0440566142,187
0613377095,560
0195101405,599
0195101405,895
0851191894,578
080410364X,578
0452262828,578
0380822970,822
0671708368,638
0812522729,630
0765342308,403
0440161061,352
0440191831,584
0345319540,801
0515040460,447
0440178924,352
0553255509,743
0441525628,726
0345422589,874
0689869886,506
0515039276,447
0553278819,558
1588810070,765
0671746693,376
051509157X,447
0440215285,801
0449245276,333
0449148246,288
1558021256,553
0449146138,404
0425059995,59
073880701X,726
0451113357,925
0446360074,825
0449134369,404
0345341228,289
0553253638,743
0671509756,477
0440135842,602
0671871218,787
0671600729,404
0380802562,124
0613071832,129
0141306971,434
0670260770,843
0425161021,376
0833510266,843
0793800722,542
0553580752,590
0553264613,679
0590877437,487
0783890656,588
0517542099,241
0757300006,374
0757300006,600
0590877542,487
0590877623,487
059087764X,486
0590878549,487
0671794388,223
0553573225,562
0812555120,726
0812574710,726
0451192028,569
0345387791,55
0373802021,630
0440119766,558
0736605029,376
0671667033,588
0812534867,726
1572701285,227
0553171712,460
0446364703,141
1903436087,934
0671776096,476
0312857322,687
0440213991,801
0440193281,766
0515091332,447
0425175413,376
0671737783,180
0553257048,200
0345439724,932
0396088678,11
0449204960,925
0812555112,726
0440146291,766
0380018446,282
0449202712,925
0425188221,721
0671555022,299
0380733358,503
0345273559,289
0312930372,687
0345377591,203
0451185978,843
0812574982,726
0446610968,499
0446610968,913
1885173997,726
0440437423,434
0812507452,499
0812507452,913
0671877135,630
0553562622,564
0880709723,419
0440472105,98
0590401939,608
0590456903,608
055327953X,80
0140363912,491
0425138232,376
0689318332,864
0440425050,94
0020442106,129
0020442106,714
0397318731,124
0440472431,98
0394935942,762
0517560232,744
0061059846,55
0345336038,55
084233226X,419
084233226X,888
0451194764,231
0451194764,422
155874715X,374
155874715X,600
0439078415,374
0671876368,630
0590442953,681
0385489005,696
0671026518,124
087406841X,564
0140328742,762
0380709570,98
0380709570,900
0590494368,487
0394825993,723
0141301163,235
0590383892,235
0375507779,721
0375507779,843
0670835382,843
0517703238,789
0881037214,843
0451157753,843
0451150708,843
0671758721,520
0823039919,210
0140350489,118
0679438335,57
0375416218,57
0671727672,934
0440471869,599
0451092163,843
0020442009,129
0446676098,673
0451169514,843
0064405036,129
0064405036,714
0064405044,129
0064405044,714
0064405028,129
0064405001,129
0064405001,714
006440501X,129
006440501X,714
0064404994,129
0064404994,714
067103264X,843
3257225792,355
3492256856,801
3423011505,337
3596259924,657
019283374X,538
3257226039,701
3257218370,446
3596282225,588
3257233000,446
3442726328,68
3442439027,696
3442447666,789
3257229356,701
3499110660,829
3499157470,829
3499147556,829
3499122065,829
0684843137,296
354860062X,914
3442439043,41
3442439043,696
3453198875,891
3426624028,689
3442096480,32
3442448395,825
0743219627,689
0486406482,242
0486406482,396
1551664836,796
1400034671,306
1400034671,307
0140053204,461
0373073739,679
039475218X,909
0785789073,538
0375704132,286
0374115370,894
968131574X,306
968131574X,307
0312195265,881
0486298035,242
0486298035,249
0449147614,925
9509779032,657
1400034965,306
1400034965,307
0671880608,476
0684853299,182
0679431136,636
0380727366,595
1586633503,665
0385721234,521
1400034957,306
1400034957,307
0460874772,466
0743449193,390
0785787828,135
0425155188,371
0812543122,396
0886773083,588
0749711841,277
067187036X,734
034537472X,203
0679745688,701
0140434062,118
0061020680,875
0345436520,240
0743457951,289
0684815907,756
0151009376,274
